"ITMDES1_0","ITMREF_0","LOT_0","qtypcu_0","PCU_0","VCRNUM_0","CREDATTIM_0","matprima_cod","data_entrada_lote","data_saida_lote","ofs"
"Vistamaxx 6202","RVMAX0863000012","VM6202V22041402AB50278",650.0,"KG","E012210CHG00000743","2022-10-25 21:40:06","RVMAX0863000012","2022-10-26 00:16:57",NULL,"OFF-E0122/00398,OFF-E0122/00397,OFF-E0122/00396,OFF-E0122/00384"
"TPE Ravago Ensoft SL-600-40A-A2-000 NATURAL","RSEBS0000000131","00586806269002636920",900.0,"KG","E012210CHG00000742","2022-10-25 21:39:57","RSEBS0000000131","2022-10-26 07:24:36",NULL,"OFF-E0122/00398,OFF-E0122/00397,OFF-E0122/00396,OFF-E0122/00384"
"Vistamaxx 6102","RVMAX0862000013","VM6102V22030201AB5081",650.0,"KG","E012210CHG00000741","2022-10-25 21:39:50",NULL,NULL,NULL,NULL
"Vistamaxx 6102","RVMAX0862000013","VM6102V22030201AB5023",650.0,"KG","E012210CHG00000740","2022-10-25 21:32:59","RVMAX0862000013","2022-10-26 00:17:38",NULL,"OFF-E0122/00398,OFF-E0122/00397,OFF-E0122/00396,OFF-E0122/00384"
"TPE Ravago Ensoft SL-600-40A-A2-000 NATURAL","RSEBS0000000131","00586806269002636906",900.0,"KG","E012210CHG00000739","2022-10-25 21:23:35","RSEBS0000000131","2022-10-26 00:16:05","2022-10-26 07:24:12","OFF-E0122/00398,OFF-E0122/00397,OFF-E0122/00396,OFF-E0122/00384"
"Isolago Masterbatch Branco Isowhite L-75-0","RMWH00000000115","A221388",350.0,"KG","E012210CHG00000738","2022-10-25 21:19:26",NULL,NULL,NULL,NULL
"Vistamaxx 6102","RVMAX0862000013","VM6102V22050401AB5091",650.0,"KG","E012210CHG00000729","2022-10-25 13:55:23","RVMAX0862000013","2022-10-25 17:58:13","2022-10-26 00:17:17","OFF-E0122/00398,OFF-E0122/00397,OFF-E0122/00396,OFF-E0122/00384"
"TPE Ravago Ensoft SL-600-40A-A2-000 NATURAL","RSEBS0000000131","00586806269002636937",900.0,"KG","E012210CHG00000728","2022-10-25 12:25:14","RSEBS0000000131","2022-10-25 16:14:41","2022-10-26 00:15:39","OFF-E0122/00398,OFF-E0122/00397,OFF-E0122/00396,OFF-E0122/00384"
"Process Aid ADT AP L068","RAPRA0000000078","A221166",75.0,"KG","E012210CHG00000727","2022-10-25 12:19:23",NULL,NULL,NULL,NULL
"ADT AOX L075","RAAOX0000000080","A220570",75.0,"KG","E012210CHG00000726","2022-10-25 12:19:03",NULL,NULL,NULL,NULL
"TPE Ravago Ensoft SL-600-40A-A2-000 NATURAL","RSEBS0000000131","00586806269002587468",900.0,"KG","E012210CHG00000720","2022-10-24 21:14:34","RSEBS0000000131","2022-10-25 04:14:47","2022-10-25 16:12:48","OFF-E0122/00398,OFF-E0122/00397,OFF-E0122/00396,OFF-E0122/00384"
"Vistamaxx 6102","RVMAX0862000013","VM6102V22030201AB5011",650.0,"KG","E012210CHG00000719","2022-10-24 21:14:26","RVMAX0862000013","2022-10-25 07:24:39","2022-10-25 17:57:56","OFF-E0122/00398,OFF-E0122/00397,OFF-E0122/00396,OFF-E0122/00384"
"Vistamaxx 6102","RVMAX0862000013","VM6102V22030201AB504",650.0,"KG","E012210CHG00000718","2022-10-24 21:13:27","RVMAX0862000013","2022-10-24 23:54:38","2022-10-25 07:24:09","OFF-E0122/00398,OFF-E0122/00397,OFF-E0122/00396,OFF-E0122/00384"
"TPE Ravago Ensoft SL-600-40A-A2-000 NATURAL","RSEBS0000000131","00586806269002587697",900.0,"KG","E012210CHG00000705","2022-10-24 18:49:21","RSEBS0000000131","2022-10-24 19:52:51","2022-10-25 04:14:29","OFF-E0122/00398,OFF-E0122/00397,OFF-E0122/00396,OFF-E0122/00384"
"Reciclado Elastictek","R00000000000001","20220923-01",740.0,"KG","E012210CHG00000704","2022-10-24 15:09:24","R00000000000001","2022-10-25 07:15:10","2022-10-25 22:18:40","OFF-E0122/00398,OFF-E0122/00397,OFF-E0122/00396,OFF-E0122/00384"
"Reciclado Elastictek","R00000000000001","20220922-01",777.0,"KG","E012210CHG00000703","2022-10-24 14:46:38","R00000000000001","2022-10-25 22:18:53",NULL,"OFF-E0122/00398,OFF-E0122/00397,OFF-E0122/00396,OFF-E0122/00384"
"Vistamaxx 6202","RVMAX0863000012","VM6202V22041402AB50132",650.0,"KG","E012210CHG00000702","2022-10-24 14:31:27","RVMAX0863000012","2022-10-25 04:12:50","2022-10-26 00:16:39","OFF-E0122/00398,OFF-E0122/00397,OFF-E0122/00396,OFF-E0122/00384"
"Adplast MB Branco WE8625ES-S4","RMWH00000000117","22363974",200.0,"KG","E012210CHG00000701","2022-10-24 12:25:11","RMWH00000000117","2022-10-25 20:14:31",NULL,"OFF-E0122/00398,OFF-E0122/00397,OFF-E0122/00396,OFF-E0122/00384"
"Vistamaxx 6102","RVMAX0862000013","VM6102V21122502AB5067",650.0,"KG","E012210CHG00000700","2022-10-24 11:22:45","RVMAX0862000013","2022-10-24 13:59:42","2022-10-24 23:54:20","OFF-E0122/00398,OFF-E0122/00397,OFF-E0122/00396,OFF-E0122/00384"
"TPE Ravago Ensoft SL-600-40A-A2-000 NATURAL","RSEBS0000000131","00586806269002587413",900.0,"KG","E012210CHG00000695","2022-10-24 10:43:51","RSEBS0000000131","2022-10-24 11:58:20","2022-10-24 19:52:41","OFF-E0122/00398,OFF-E0122/00397,OFF-E0122/00396,OFF-E0122/00384"
"Vistamaxx 6102","RVMAX0862000013","VM6102V22030103AB50269",650.0,"KG","E012210CHG00000693","2022-10-23 22:25:51","RVMAX0862000013","2022-10-24 11:43:42","2022-10-24 13:59:35","OFF-E0122/00398,OFF-E0122/00397,OFF-E0122/00396,OFF-E0122/00384"
"TPE Ravago Ensoft SL-600-40A-A2-000 NATURAL","RSEBS0000000131","00586806269002568313",900.0,"KG","E012210CHG00000692","2022-10-23 22:25:41","RSEBS0000000131","2022-10-24 03:11:49","2022-10-24 11:57:56","OFF-E0122/00398,OFF-E0122/00397,OFF-E0122/00396,OFF-E0122/00384"
"Vistamaxx 6102","RVMAX0862000013","VM6102V21122502AB50161",650.0,"KG","E012210CHG00000691","2022-10-23 21:22:45","RVMAX0862000013","2022-10-23 22:57:01","2022-10-24 11:43:27","OFF-E0122/00398,OFF-E0122/00397,OFF-E0122/00396,OFF-E0122/00384"
"Reciclado Elastictek","R00000000000001","20220921-03",787.0,"KG","E012210CHG00000690","2022-10-23 21:17:53","R00000000000001","2022-10-24 17:59:13","2022-10-25 07:14:53","OFF-E0122/00398,OFF-E0122/00397,OFF-E0122/00396,OFF-E0122/00384"
"Reciclado Elastictek","R00000000000001","20220921-02",802.0,"KG","E012210CHG00000689","2022-10-23 21:17:31","R00000000000001","2022-10-24 04:38:33","2022-10-24 17:58:02","OFF-E0122/00398,OFF-E0122/00397,OFF-E0122/00396,OFF-E0122/00384"
"TPE Ravago Ensoft SL-600-40A-A2-000 NATURAL","RSEBS0000000131","00586806269002588946",900.0,"KG","E012210CHG00000674","2022-10-23 16:20:33","RSEBS0000000131","2022-10-23 17:24:36","2022-10-24 03:11:41","OFF-E0122/00398,OFF-E0122/00397,OFF-E0122/00396,OFF-E0122/00384"
"PP 621P ","RPP620900000035","949A386362",175.0,"KG","E012210CHG00000673","2022-10-23 14:05:54",NULL,NULL,NULL,NULL
"Vistamaxx 6102","RVMAX0862000013","VM6102V21113001AB5077",650.0,"KG","E012210CHG00000672","2022-10-23 12:59:39","RVMAX0862000013","2022-10-23 14:33:26","2022-10-23 22:56:41","OFF-E0122/00398,OFF-E0122/00397,OFF-E0122/00396,OFF-E0122/00384"
"Process Aid ADT AP L068","RAPRA0000000078","A221166",75.0,"KG","E012210CHG00000667","2022-10-23 09:56:49","RAPRA0000000078","2022-10-25 03:39:07",NULL,"OFF-E0122/00398,OFF-E0122/00397,OFF-E0122/00396,OFF-E0122/00384"
"ADT AOX L075","RAAOX0000000080","A220570",75.0,"KG","E012210CHG00000666","2022-10-23 09:56:31","RAAOX0000000080","2022-10-25 03:38:36",NULL,"OFF-E0122/00398,OFF-E0122/00397,OFF-E0122/00396,OFF-E0122/00384"
"Vistamaxx 6202","RVMAX0863000012","VM6202V22012601AB50248",650.0,"KG","E012210CHG00000665","2022-10-23 07:31:16","RVMAX0863000012","2022-10-23 14:36:24","2022-10-25 04:11:13","OFF-E0122/00398,OFF-E0122/00397,OFF-E0122/00396,OFF-E0122/00384"
"Reciclado Elastictek","R00000000000001","20220925-01",752.0,"KG","E012210CHG00000643","2022-10-22 21:55:47","R00000000000001","2022-10-23 16:38:51","2022-10-24 04:37:39","OFF-E0122/00398,OFF-E0122/00397,OFF-E0122/00396,OFF-E0122/00384"
"Vistamaxx 6102","RVMAX0862000013","VM6102V21113001AB5084",650.0,"KG","E012210CHG00000640","2022-10-22 21:52:55","RVMAX0862000013","2022-10-23 07:52:17","2022-10-23 14:33:10","OFF-E0122/00398,OFF-E0122/00397,OFF-E0122/00396,OFF-E0122/00384"
"TPE Ravago Ensoft SL-600-40A-A2-000 NATURAL","RSEBS0000000131","0108680626179834102F4060503102",900.0,"KG","E012210CHG00000639","2022-10-22 21:52:46","RSEBS0000000131","2022-10-23 11:31:56","2022-10-23 17:21:46","OFF-E0122/00398,OFF-E0122/00397,OFF-E0122/00396,OFF-E0122/00384"
"Adplast MB Branco WE8625ES-S4","RMWH00000000117","22363974",350.0,"KG","E012210CHG00000638","2022-10-22 21:43:01","RMWH00000000117","2022-10-24 03:09:49","2022-10-25 20:14:17","OFF-E0122/00398,OFF-E0122/00397,OFF-E0122/00396,OFF-E0122/00384"
"Vistamaxx 6102","RVMAX0862000013","VM6102V21113001AB509",650.0,"KG","E012210CHG00000637","2022-10-22 18:11:59","RVMAX0862000013","2022-10-22 20:38:40","2022-10-23 07:52:00","OFF-E0122/00389,OFF-E0122/00388"
"TPE Ravago Ensoft SL-600-40A-A2-000 NATURAL","RSEBS0000000131","00586806269002587383",900.0,"KG","E012210CHG00000636","2022-10-22 18:11:43","RSEBS0000000131","2022-10-22 23:46:55","2022-10-23 11:31:37","OFF-E0122/00390"
"TPE Ravago Ensoft SL-600-40A-A2-000 NATURAL","RSEBS0000000131","00586806269002587420",900.0,"KG","E012210CHG00000624","2022-10-22 12:31:42",NULL,NULL,NULL,NULL
"Vistamaxx 6102","RVMAX0862000013","VM6102V21112902AB50133",650.0,"KG","E012210CHG00000618","2022-10-22 10:38:55",NULL,NULL,NULL,NULL
"Reciclado Elastictek","R00000000000001","20220924-02",810.0,"KG","E012210CHG00000615","2022-10-21 22:33:21","R00000000000001","2022-10-22 21:54:06","2022-10-23 16:37:18","OFF-E0122/00389,OFF-E0122/00388"
"TPE Ravago Ensoft SL-600-40A-A2-000 NATURAL","RSEBS0000000131","00586806269002587352",900.0,"KG","E012210CHG00000614","2022-10-21 22:22:15","RSEBS0000000131","2022-10-22 04:03:09","2022-10-22 23:44:45","OFF-E0122/00389,OFF-E0122/00388"
"Vistamaxx 6102","RVMAX0862000013","VM6102V21113001AB5097",650.0,"KG","E012210CHG00000613","2022-10-21 22:22:07","RVMAX0862000013","2022-10-22 05:15:50","2022-10-22 20:36:41","OFF-E0122/00389,OFF-E0122/00388"
"Vistamaxx 6202","RVMAX0863000012","VM6202V22041402AB50231",650.0,"KG","E012210CHG00000612","2022-10-21 22:21:57",NULL,NULL,NULL,NULL
"PP 621P ","RPP620900000035","949A386362",175.0,"KG","E012210CHG00000603","2022-10-21 21:42:38","RPP620900000035","2022-10-23 14:38:54",NULL,"OFF-E0122/00398,OFF-E0122/00397,OFF-E0122/00396,OFF-E0122/00384"
"TPE Ravago Ensoft SL-600-40A-A2-000 NATURAL","RSEBS0000000131","00586806269002587390",900.0,"KG","E012210CHG00000598","2022-10-21 17:56:15","RSEBS0000000131","2022-10-21 21:22:40","2022-10-22 04:02:47","OFF-E0122/00389,OFF-E0122/00388"
"Reciclado Elastictek","R00000000000001","20220926-02",736.0,"KG","E012210CHG00000595","2022-10-21 09:25:27","R00000000000001","2022-10-22 04:02:20","2022-10-22 21:53:41","OFF-E0122/00389,OFF-E0122/00388"
"Reciclado Elastictek","R00000000000001","20220924-01",803.0,"KG","E012210CHG00000594","2022-10-21 09:24:43","R00000000000001","2022-10-21 11:11:17","2022-10-22 04:01:54","OFF-E0122/00389,OFF-E0122/00388"
"Reciclado Elastictek","R00000000000001","20220921-01",745.0,"KG","E012210CHG00000583","2022-10-20 22:52:14","R00000000000001","2022-10-21 09:32:46","2022-10-21 11:10:58","OFF-E0122/00389,OFF-E0122/00388"
"Vistamaxx 6102","RVMAX0862000013","VM6102V21113001AB5027",650.0,"KG","E012210CHG00000582","2022-10-20 21:30:33","RVMAX0862000013","2022-10-21 17:04:17","2022-10-21 21:00:59","OFF-E0122/00389,OFF-E0122/00388"
"Vistamaxx 6102","RVMAX0862000013","VM6102V21113001AB5048",650.0,"KG","E012210CHG00000581","2022-10-20 21:29:40","RVMAX0862000013","2022-10-21 05:25:44","2022-10-21 16:04:45","OFF-E0122/00389,OFF-E0122/00388"
"TPE Ravago Ensoft SL-600-40A-A2-000 NATURAL","RSEBS0000000131","00586806269002570880",900.0,"KG","E012210CHG00000580","2022-10-20 21:27:08","RSEBS0000000131","2022-10-21 12:24:54","2022-10-21 21:22:27","OFF-E0122/00389,OFF-E0122/00388"
"TPE Ravago Ensoft SL-600-40A-A2-000 NATURAL","RSEBS0000000131","00586806269002568481",800.0,"KG","E012210CHG00000578","2022-10-20 21:05:13","RSEBS0000000131","2022-10-21 03:37:39","2022-10-21 12:24:38","OFF-E0122/00389,OFF-E0122/00388"
"ADT AOX L075","RAAOX0000000080","A220570",72.0,"KG","E012210CHG00000577","2022-10-20 21:00:23","RAAOX0000000080","2022-10-23 00:31:43","2022-10-25 03:38:06","OFF-E0122/00390"
"Process Aid ADT AP L068","RAPRA0000000078","A221166",72.0,"KG","E012210CHG00000576","2022-10-20 21:00:08","RAPRA0000000078","2022-10-23 00:32:06","2022-10-25 03:38:18","OFF-E0122/00390"
"Adplast MB Branco WE8625ES-S4","RMWH00000000117","22363974",350.0,"KG","E012210CHG00000575","2022-10-20 20:59:51","RMWH00000000117","2022-10-22 20:39:25","2022-10-24 03:09:03","OFF-E0122/00389,OFF-E0122/00388"
"Vistamaxx 6102","RVMAX0862000013","VM6102V21113001AB50136",650.0,"KG","E012210CHG00000564","2022-10-20 17:54:38","RVMAX0862000013","2022-10-20 19:52:47","2022-10-21 05:20:13","OFF-E0122/00383,OFF-E0122/00387"
"TPE Cabopol Lacoflex CHM91-0000-PIR03 ","RSEBS0000000142","22313913",900.0,"KG","E012210CHG00000563","2022-10-20 15:33:45","RSEBS0000000142","2022-10-20 17:29:09","2022-10-21 03:16:29","OFF-E0122/00383,OFF-E0122/00387"
"PP 621P ","RPP620900000035","949A386362",175.0,"KG","E012210CHG00000558","2022-10-20 13:22:02","RPP620900000035","2022-10-21 22:37:50","2022-10-23 14:38:34","OFF-E0122/00389,OFF-E0122/00388"
"Vistamaxx 6202","RVMAX0863000012","VM6202V22041402AB50268",650.0,"KG","E012210CHG00000557","2022-10-20 12:41:30","RVMAX0863000012","2022-10-20 19:52:19","2022-10-23 14:35:26","OFF-E0122/00383,OFF-E0122/00387"
"Vistamaxx 6102","RVMAX0862000013","VM6102V22030103AB50329",650.0,"KG","E012210CHG00000552","2022-10-20 08:40:50","RVMAX0862000013","2022-10-20 11:12:05","2022-10-20 19:52:36","OFF-E0122/00383,OFF-E0122/00387"
"TPE Cabopol Lacoflex CHM91-0000-PIR03 ","RSEBS0000000142","22313922",900.0,"KG","E012210CHG00000551","2022-10-19 21:50:36","RSEBS0000000142","2022-10-20 08:38:29","2022-10-20 17:28:54","OFF-E0122/00383,OFF-E0122/00387"
"Vistamaxx 6102","RVMAX0862000013","VM6102V21113001AB5030",650.0,"KG","E012210CHG00000550","2022-10-19 21:50:28","RVMAX0862000013","2022-10-20 03:21:21","2022-10-20 11:11:55","OFF-E0122/00383,OFF-E0122/00387"
"TPE Cabopol Lacoflex CHM91-0000-PIR03 ","RSEBS0000000142","22313924",900.0,"KG","E012210CHG00000549","2022-10-19 21:39:29","RSEBS0000000142","2022-10-19 23:42:48","2022-10-20 08:37:29","OFF-E0122/00382,OFF-E0122/00381,OFF-E0122/00380,OFF-E0122/00379"
"Reciclado Elastictek","R00000000000001","20220918-01",755.0,"KG","E012210CHG00000540","2022-10-19 17:44:14","R00000000000001","2022-10-20 01:33:29","2022-10-20 10:29:48","OFF-E0122/00383,OFF-E0122/00387"
"Reciclado Elastictek","R00000000000001","20220917-03",784.0,"KG","E012210CHG00000539","2022-10-19 17:43:56","R00000000000001","2022-10-20 21:41:08","2022-10-21 09:32:27","OFF-E0122/00383,OFF-E0122/00387"
"Vistamaxx 6102","RVMAX0862000013","VM6102V21113001AB5023",650.0,"KG","E012210CHG00000538","2022-10-19 17:30:56","RVMAX0862000013","2022-10-19 21:08:20","2022-10-20 03:20:17","OFF-E0122/00382,OFF-E0122/00381,OFF-E0122/00380,OFF-E0122/00379"
"Adplast MB Branco WE8625ES-S4","RMWH00000000117","22363974",350.0,"KG","E012210CHG00000525","2022-10-19 17:02:31","RMWH00000000117","2022-10-20 15:35:20","2022-10-22 20:38:59","OFF-E0122/00383,OFF-E0122/00387"
"TPE Cabopol Lacoflex CHM91-0000-PIR03 ","RSEBS0000000142","2231613",900.0,"KG","E012210CHG00000520","2022-10-19 13:17:11","RSEBS0000000142","2022-10-19 14:23:50","2022-10-19 23:41:02","OFF-E0122/00382,OFF-E0122/00381,OFF-E0122/00380,OFF-E0122/00379"
"Vistamaxx 6102","RVMAX0862000013","VM6102V21113001AB501",650.0,"KG","E012210CHG00000519","2022-10-19 11:17:05","RVMAX0862000013","2022-10-19 12:27:12","2022-10-19 21:06:47","OFF-E0122/00382,OFF-E0122/00381,OFF-E0122/00380,OFF-E0122/00379"
"Vistamaxx 6202","RVMAX0863000012","VM6202V22041402AB50135",650.0,"KG","E012210CHG00000518","2022-10-18 22:39:23","RVMAX0863000012","2022-10-19 10:36:58","2022-10-20 19:52:05","OFF-E0122/00382,OFF-E0122/00381,OFF-E0122/00380,OFF-E0122/00379"
"Vistamaxx 6102","RVMAX0862000013","VM6102V21113001AB5031",650.0,"KG","E012210CHG00000517","2022-10-18 22:26:52","RVMAX0862000013","2022-10-19 05:56:08","2022-10-19 12:26:51","OFF-E0122/00382,OFF-E0122/00381,OFF-E0122/00380,OFF-E0122/00379"
"TPE Cabopol Lacoflex CHM91-0000-PIR03 ","RSEBS0000000142","22313911",900.0,"KG","E012210CHG00000516","2022-10-18 22:26:09","RSEBS0000000142","2022-10-19 06:07:17","2022-10-19 14:23:21","OFF-E0122/00382,OFF-E0122/00381,OFF-E0122/00380,OFF-E0122/00379"
"TPE Cabopol Lacoflex CHM91-0000-PIR03 ","RSEBS0000000142","2231619",900.0,"KG","E012210CHG00000512","2022-10-18 20:16:30","RSEBS0000000142","2022-10-18 22:13:03","2022-10-19 06:06:59","OFF-E0122/00382,OFF-E0122/00381,OFF-E0122/00380,OFF-E0122/00379"
"Vistamaxx 6102","RVMAX0862000013","VM6102V21113001AB5054",650.0,"KG","E012210CHG00000511","2022-10-18 19:48:00","RVMAX0862000013","2022-10-18 22:36:25","2022-10-19 05:55:47","OFF-E0122/00382,OFF-E0122/00381,OFF-E0122/00380,OFF-E0122/00379"
"ADT AOX L075","RAAOX0000000080","A220570",75.0,"KG","E012210CHG00000510","2022-10-18 17:58:42","RAAOX0000000080","2022-10-20 16:05:35","2022-10-23 00:30:12","OFF-E0122/00383,OFF-E0122/00387"
"Process Aid ADT AP L068","RAPRA0000000078","A221166",75.0,"KG","E012210CHG00000509","2022-10-18 17:58:30","RAPRA0000000078","2022-10-20 16:00:29","2022-10-23 00:29:53","OFF-E0122/00383,OFF-E0122/00387"
"TPE Cabopol Lacoflex CHM91-0000-PIR03 ","RSEBS0000000142","22313917",900.0,"KG","E012210CHG00000500","2022-10-18 12:37:04","RSEBS0000000142","2022-10-18 13:57:07","2022-10-18 22:12:35","OFF-E0122/00382,OFF-E0122/00381,OFF-E0122/00380,OFF-E0122/00379"
"Vistamaxx 6102","RVMAX0862000013","VM6102V21113001AB5026",650.0,"KG","E012210CHG00000499","2022-10-18 12:30:17","RVMAX0862000013","2022-10-18 14:02:15","2022-10-18 22:13:27","OFF-E0122/00382,OFF-E0122/00381,OFF-E0122/00380,OFF-E0122/00379"
"Reciclado Elastictek","R00000000000001","20220919-01",758.0,"KG","E012210CHG00000490","2022-10-18 09:21:52","R00000000000001","2022-10-20 10:36:53","2022-10-20 21:40:01","OFF-E0122/00383,OFF-E0122/00387"
"Reciclado Elastictek","R00000000000001","20220915-02",733.0,"KG","E012210CHG00000489","2022-10-18 09:21:21","R00000000000001","2022-10-19 09:38:25","2022-10-20 01:32:30","OFF-E0122/00382,OFF-E0122/00381,OFF-E0122/00380,OFF-E0122/00379"
"TPE Cabopol Lacoflex CHM91-0000-PIR03 ","RSEBS0000000142","22313912",900.0,"KG","E012210CHG00000488","2022-10-17 22:48:38","RSEBS0000000142","2022-10-18 06:30:59","2022-10-18 13:56:35","OFF-E0122/00382,OFF-E0122/00381,OFF-E0122/00380,OFF-E0122/00379"
"Vistamaxx 6102","RVMAX0862000013","VM6102V21122502AB50106",650.0,"KG","E012210CHG00000481","2022-10-17 22:20:03","RVMAX0862000013","2022-10-18 00:34:32","2022-10-18 06:39:47","OFF-E0122/00382,OFF-E0122/00381,OFF-E0122/00380,OFF-E0122/00379"
"Vistamaxx 6102","RVMAX0862000013","VM6102V21122502AB50155",650.0,"KG","E012210CHG00000480","2022-10-17 22:19:05","RVMAX0862000013","2022-10-18 06:40:02","2022-10-18 13:59:36","OFF-E0122/00382,OFF-E0122/00381,OFF-E0122/00380,OFF-E0122/00379"
"Vistamaxx 6202","RVMAX0863000012","VM6202V22041402AB50184",650.0,"KG","E012210CHG00000479","2022-10-17 22:18:07","RVMAX0863000012","2022-10-18 00:34:00","2022-10-19 10:36:37","OFF-E0122/00382,OFF-E0122/00381,OFF-E0122/00380,OFF-E0122/00379"
"Adplast MB Branco WE8625ES-S4","RMWH00000000117","22363974",400.0,"KG","E012210CHG00000467","2022-10-17 07:45:23","RMWH00000000117","2022-10-19 04:34:02","2022-10-20 15:34:54","OFF-E0122/00382,OFF-E0122/00381,OFF-E0122/00380,OFF-E0122/00379"
"Reciclado Elastictek","R00000000000001","20220920-01",746.0,"KG","E012210CHG00000466","2022-10-17 07:24:33","R00000000000001","2022-10-18 17:37:06","2022-10-19 09:38:11","OFF-E0122/00382,OFF-E0122/00381,OFF-E0122/00380,OFF-E0122/00379"
"Reciclado Elastictek","R00000000000001","20220918-02",785.0,"KG","E012210CHG00000465","2022-10-17 07:24:14","R00000000000001","2022-10-18 07:29:34","2022-10-18 17:36:52","OFF-E0122/00382,OFF-E0122/00381,OFF-E0122/00380,OFF-E0122/00379"
"Reciclado Elastictek","R00000000000001","20220919-02",822.0,"KG","E012210CHG00000464","2022-10-17 07:21:32","R00000000000001","2022-10-17 08:29:52","2022-10-18 07:29:22","OFF-E0122/00382,OFF-E0122/00381,OFF-E0122/00380,OFF-E0122/00379"
"Vistamaxx 6102","RVMAX0862000013","VM6102V21122502AB506",650.0,"KG","E012210CHG00000463","2022-10-16 22:09:50","RVMAX0862000013","2022-10-17 03:30:58","2022-10-17 17:42:22","OFF-E0122/00382,OFF-E0122/00381,OFF-E0122/00380,OFF-E0122/00379"
"Vistamaxx 6102","RVMAX0862000013","VM6102V21122502AB5020",650.0,"KG","E012210CHG00000462","2022-10-16 22:09:41","RVMAX0862000013","2022-10-17 17:42:45","2022-10-18 00:34:19","OFF-E0122/00386"
"TPE Cabopol Lacoflex CHM91-0000-PIR03 ","RSEBS0000000142","2231612",900.0,"KG","E012210CHG00000461","2022-10-16 22:09:32","RSEBS0000000142","2022-10-17 04:27:17","2022-10-17 19:45:37","OFF-E0122/00382,OFF-E0122/00381,OFF-E0122/00380,OFF-E0122/00379"
"TPE Cabopol Lacoflex CHM91-0000-PIR03 ","RSEBS0000000142","22313914",900.0,"KG","E012210CHG00000460","2022-10-16 22:09:24","RSEBS0000000142","2022-10-17 19:45:49","2022-10-18 06:29:14","OFF-E0122/00386"
"Reciclado Elastictek","R00000000000001","20220920-02",784.0,"KG","E012210CHG00000459","2022-10-16 21:49:47","R00000000000001","2022-10-17 07:10:48","2022-10-17 08:22:04","OFF-E0122/00382,OFF-E0122/00381,OFF-E0122/00380,OFF-E0122/00379"
"Vistamaxx 6202","RVMAX0863000012","VM6202V22041402AB50139",650.0,"KG","E012210CHG00000458","2022-10-16 21:44:32","RVMAX0863000012","2022-10-17 00:09:53","2022-10-18 00:33:42","OFF-E0122/00382,OFF-E0122/00381,OFF-E0122/00380,OFF-E0122/00379"
"TPE Cabopol Lacoflex CHM91-0000-PIR03 ","RSEBS0000000142","22313915",900.0,"KG","E012210CHG00000448","2022-10-16 18:20:08","RSEBS0000000142","2022-10-16 21:46:24","2022-10-17 04:26:56","OFF-E0122/00382,OFF-E0122/00381,OFF-E0122/00380,OFF-E0122/00379"
"Vistamaxx 6102","RVMAX0862000013","VM6102V21121503AB501",650.0,"KG","E012210CHG00000447","2022-10-16 18:01:40","RVMAX0862000013","2022-10-16 21:47:30","2022-10-17 03:30:35","OFF-E0122/00382,OFF-E0122/00381,OFF-E0122/00380,OFF-E0122/00379"
"ADT AOX L075","RAAOX0000000080","A220570",75.0,"KG","E012210CHG00000445","2022-10-16 07:40:48","RAAOX0000000080","2022-10-18 15:13:45","2022-10-20 16:00:18","OFF-E0122/00382,OFF-E0122/00381,OFF-E0122/00380,OFF-E0122/00379"
"Process Aid ADT AP L068","RAPRA0000000078","A221166",75.0,"KG","E012210CHG00000444","2022-10-16 07:40:34","RAPRA0000000078","2022-10-18 15:12:58","2022-10-20 16:00:07","OFF-E0122/00382,OFF-E0122/00381,OFF-E0122/00380,OFF-E0122/00379"
"Reciclado Elastictek","R00000000000001","20220915-01",769.0,"KG","E012210CHG00000435","2022-10-15 22:48:46","R00000000000001","2022-10-16 11:10:59","2022-10-17 06:48:47","OFF-E0122/00382,OFF-E0122/00381,OFF-E0122/00380,OFF-E0122/00379"
"Vistamaxx 6102","RVMAX0862000013","VM6102V21112902AB50141",650.0,"KG","E012210CHG00000433","2022-10-15 22:36:32","RVMAX0862000013","2022-10-16 14:40:32","2022-10-16 21:46:37","OFF-E0122/00382,OFF-E0122/00381,OFF-E0122/00380,OFF-E0122/00379"
"Vistamaxx 6102","RVMAX0862000013","VM6102V22050403AB50278",650.0,"KG","E012210CHG00000432","2022-10-15 22:36:22","RVMAX0862000013","2022-10-16 04:43:28","2022-10-16 14:40:13","OFF-E0122/00382,OFF-E0122/00381,OFF-E0122/00380,OFF-E0122/00379"
"TPE Cabopol Lacoflex CHM91-0000-PIR03 ","RSEBS0000000142","2231618",900.0,"KG","E012210CHG00000431","2022-10-15 22:36:14","RSEBS0000000142","2022-10-16 11:11:44","2022-10-16 21:45:27","OFF-E0122/00382,OFF-E0122/00381,OFF-E0122/00380,OFF-E0122/00379"
"TPE Cabopol Lacoflex CHM91-0000-PIR03 ","RSEBS0000000142","2231396",900.0,"KG","E012210CHG00000430","2022-10-15 22:36:05","RSEBS0000000142","2022-10-16 02:48:34","2022-10-16 11:11:15","OFF-E0122/00382,OFF-E0122/00381,OFF-E0122/00380,OFF-E0122/00379"
"Vistamaxx 6102","RVMAX0862000013","VM6102V22050403AB50284",650.0,"KG","E012210CHG00000424","2022-10-15 18:30:34","RVMAX0862000013","2022-10-15 21:31:06","2022-10-16 04:43:08","OFF-E0122/00382,OFF-E0122/00381,OFF-E0122/00380,OFF-E0122/00379"
"Vistamaxx 6202","RVMAX0863000012","VM6202V22041402AB50144",650.0,"KG","E012210CHG00000423","2022-10-15 14:23:44","RVMAX0863000012","2022-10-15 23:08:37","2022-10-17 00:08:13","OFF-E0122/00382,OFF-E0122/00381,OFF-E0122/00380,OFF-E0122/00379"
"Adplast MB Branco WE8625ES-S4","RMWH00000000117","22363974",350.0,"KG","E012210CHG00000422","2022-10-15 14:15:59","RMWH00000000117","2022-10-17 02:14:31","2022-10-19 04:33:40","OFF-E0122/00382,OFF-E0122/00381,OFF-E0122/00380,OFF-E0122/00379"
"Reciclado Elastictek","R00000000000001","20220914-02",730.0,"KG","E012210CHG00000416","2022-10-15 11:05:45","R00000000000001","2022-10-15 20:57:47","2022-10-16 11:10:31","OFF-E0122/00382,OFF-E0122/00381,OFF-E0122/00380,OFF-E0122/00379"
"Vistamaxx 6102","RVMAX0862000013","VM6102V21122502AB50254",650.0,"KG","E012210CHG00000413","2022-10-14 22:23:59","RVMAX0862000013","2022-10-15 15:12:58","2022-10-15 21:30:48","OFF-E0122/00382,OFF-E0122/00381,OFF-E0122/00380,OFF-E0122/00379"
"Vistamaxx 6102","RVMAX0862000013","VM6102V21121503AB50165",650.0,"KG","E012210CHG00000412","2022-10-14 22:23:51","RVMAX0862000013","2022-10-15 04:53:35","2022-10-15 15:08:46","OFF-E0122/00385"
"TPE Cabopol Lacoflex CHM91-0000-PIR03 ","RSEBS0000000142","2231616",900.0,"KG","E012210CHG00000411","2022-10-14 22:23:42","RSEBS0000000142","2022-10-15 04:53:15","2022-10-15 15:59:07","OFF-E0122/00385"
"TPE Cabopol Lacoflex CHM91-0000-PIR03 ","RSEBS0000000142","22316111",900.0,"KG","E012210CHG00000410","2022-10-14 22:23:34","RSEBS0000000142","2022-10-15 15:59:36","2022-10-16 02:48:18","OFF-E0122/00382,OFF-E0122/00381,OFF-E0122/00380,OFF-E0122/00379"
"Reciclado Elastictek","R00000000000001","20220917-02",782.0,"KG","E012210CHG00000407","2022-10-14 22:22:56","R00000000000001","2022-10-15 04:00:40","2022-10-15 20:57:07","OFF-E0122/00385"
"Reciclado Elastictek","R00000000000001","20220913-02",751.0,"KG","E012210CHG00000406","2022-10-14 22:22:36",NULL,NULL,NULL,NULL
"Vistamaxx 6102","RVMAX0862000013","VM6102V21122502AB50151",650.0,"KG","E012210CHG00000393","2022-10-14 16:56:10","RVMAX0862000013","2022-10-14 19:32:25","2022-10-15 04:51:03","OFF-E0122/00385"
"TPE Cabopol Lacoflex CHM91-0000-PIR03 ","RSEBS0000000142","2231617",900.0,"KG","E012210CHG00000392","2022-10-14 16:50:18","RSEBS0000000142","2022-10-14 17:58:44","2022-10-15 04:51:16","OFF-E0122/00385"
"Vistamaxx 6202","RVMAX0863000012","VM6202V22041402AB50309",650.0,"KG","E012210CHG00000391","2022-10-14 16:43:29","RVMAX0863000012","2022-10-14 17:54:34","2022-10-15 23:08:18","OFF-E0122/00385"
"Reciclado Elastictek","R00000000000001","20220917-01",729.0,"KG","E012210CHG00000390","2022-10-13 22:14:51","R00000000000001","2022-10-14 06:46:57","2022-10-14 15:35:07","OFF-E0122/00385"
"Reciclado Elastictek","R00000000000001","20220916-02",763.0,"KG","E012210CHG00000389","2022-10-13 22:13:32","R00000000000001","2022-10-14 15:36:58","2022-10-15 04:00:26","OFF-E0122/00385"
"TPE Cabopol Lacoflex CHM91-0000-PIR03 ","RSEBS0000000142","22313916",900.0,"KG","E012210CHG00000388","2022-10-13 22:13:07","RSEBS0000000142","2022-10-14 11:21:45","2022-10-14 17:58:11","OFF-E0122/00385"
"Vistamaxx 6102","RVMAX0862000013","VM6102V21112902AB5050",650.0,"KG","E012210CHG00000387","2022-10-13 22:12:58","RVMAX0862000013","2022-10-14 12:40:56","2022-10-14 19:30:13","OFF-E0122/00385"
"Vistamaxx 6102","RVMAX0862000013","VM6102V22050403AB50306",650.0,"KG","E012210CHG00000386","2022-10-13 22:12:49","RVMAX0862000013","2022-10-14 06:10:21","2022-10-14 12:40:20","OFF-E0122/00385"
"TPE Cabopol Lacoflex CHM91-0000-PIR03 ","RSEBS0000000142","22316112",900.0,"KG","E012210CHG00000385","2022-10-13 22:05:10","RSEBS0000000142","2022-10-14 01:52:35","2022-10-14 11:21:16","OFF-E0122/00385"
"PP 621P ","RPP620900000035","949A386362",175.0,"KG","E012210CHG00000384","2022-10-13 21:56:51","RPP620900000035","2022-10-20 10:03:30","2022-10-21 22:37:08","OFF-E0122/00383,OFF-E0122/00387"
"Adplast MB Branco WE8625ES-S4","RMWH00000000117","22363974",350.0,"KG","E012210CHG00000376","2022-10-13 20:48:45","RMWH00000000117","2022-10-15 15:11:26","2022-10-17 02:13:34","OFF-E0122/00382,OFF-E0122/00381,OFF-E0122/00380,OFF-E0122/00379"
"Adplast MB AOX AO05LLDPE-S4","RAAOX0000000138","504777922",75.0,"KG","E012210CHG00000375","2022-10-13 20:40:00","RAAOX0000000138","2022-10-16 07:51:13","2022-10-18 15:00:44","OFF-E0122/00382,OFF-E0122/00381,OFF-E0122/00380,OFF-E0122/00379"
"Adplast MB PPA AMF001PE-S4","RAPPA0000000137","50370322",75.0,"KG","E012210CHG00000374","2022-10-13 20:39:42","RAPPA0000000137","2022-10-16 07:50:32","2022-10-18 15:00:34","OFF-E0122/00382,OFF-E0122/00381,OFF-E0122/00380,OFF-E0122/00379"
"Vistamaxx 6102","RVMAX0862000013","VM6102V21122502AB50217",650.0,"KG","E012210CHG00000373","2022-10-13 18:08:08","RVMAX0862000013","2022-10-13 21:10:57","2022-10-14 06:10:07","OFF-E0122/00377,OFF-E0122/00378"
"Reciclado Elastictek","R00000000000001","20220916-01",749.0,"KG","E012210CHG00000352","2022-10-12 22:13:00","R00000000000001","2022-10-13 16:57:51","2022-10-14 06:45:55","OFF-E0122/00377,OFF-E0122/00378"
"Vistamaxx 6102","RVMAX0862000013","VM6102V21121503AB50125",650.0,"KG","E012210CHG00000351","2022-10-12 22:12:17","RVMAX0862000013","2022-10-13 06:23:39","2022-10-13 13:00:48","OFF-E0122/00377,OFF-E0122/00378"
"Vistamaxx 6102","RVMAX0862000013","VM6102V21122502AB50253",650.0,"KG","E012210CHG00000350","2022-10-12 22:12:09","RVMAX0862000013","2022-10-13 13:02:28","2022-10-13 21:10:28","OFF-E0122/00377,OFF-E0122/00378"
"TPE Cabopol Lacoflex CHM91-0000-PIR03 ","RSEBS0000000142","22316110",900.0,"KG","E012210CHG00000349","2022-10-12 22:12:01","RSEBS0000000142","2022-10-13 15:27:24","2022-10-14 01:52:17","OFF-E0122/00377,OFF-E0122/00378"
"TPE Cabopol Lacoflex CHM91-0000-PIR03 ","RSEBS0000000142","22316113",900.0,"KG","E012210CHG00000348","2022-10-12 22:11:53","RSEBS0000000142","2022-10-13 06:25:21","2022-10-13 15:27:05","OFF-E0122/00377,OFF-E0122/00378"
"Vistamaxx 6202","RVMAX0863000012","VM6202V22041402AB50284",650.0,"KG","E012210CHG00000347","2022-10-12 21:24:13","RVMAX0863000012","2022-10-13 15:29:56","2022-10-14 17:54:10","OFF-E0122/00377,OFF-E0122/00378"
"Vistamaxx 6102","RVMAX0862000013","VM6102V21122502AB50261",650.0,"KG","E012210CHG00000336","2022-10-12 18:15:45","RVMAX0862000013","2022-10-12 20:19:14","2022-10-13 06:23:16","OFF-E0122/00377,OFF-E0122/00378"
"TPE Cabopol Lacoflex CHM91-0000-PIR03 ","RSEBS0000000142","22313921",900.0,"KG","E012210CHG00000335","2022-10-12 18:07:38","RSEBS0000000142","2022-10-12 19:19:44","2022-10-13 06:23:25","OFF-E0122/00377,OFF-E0122/00378"
"PP 621P ","RPP620900000035","949A386362",175.0,"KG","E012210CHG00000333","2022-10-12 13:38:38","RPP620900000035","2022-10-13 21:53:23","2022-10-20 10:03:09","OFF-E0122/00377,OFF-E0122/00378"
"Adplast MB Branco WE8625ES-S4","RMWH00000000117","22363974",150.0,"KG","E012210CHG00000332","2022-10-12 13:25:00",NULL,NULL,NULL,NULL
"Adplast MB Branco WE8625ES-S4","RMWH00000000117","22363974",200.0,"KG","E012210CHG00000331","2022-10-12 13:23:15","RMWH00000000117","2022-10-13 19:19:30","2022-10-15 15:09:04","OFF-E0122/00377,OFF-E0122/00378"
"Reciclado Elastictek","R00000000000001","20220909-01",708.0,"KG","E012210CHG00000314","2022-10-11 22:43:02","R00000000000001","2022-10-12 15:06:05","2022-10-13 02:45:53","OFF-E0122/00377,OFF-E0122/00378"
"Reciclado Elastictek","R00000000000001","20220910-01",701.0,"KG","E012210CHG00000313","2022-10-11 22:42:30","R00000000000001","2022-10-13 02:47:45","2022-10-13 16:57:04","OFF-E0122/00377,OFF-E0122/00378"
"Vistamaxx 6102","RVMAX0862000013","VM6102V21122502AB50231",650.0,"KG","E012210CHG00000310","2022-10-11 21:49:53","RVMAX0862000013","2022-10-12 08:20:56","2022-10-12 15:15:49","OFF-E0122/00377,OFF-E0122/00378"
"Vistamaxx 6102","RVMAX0862000013","VM6102V21122502AB5024",650.0,"KG","E012210CHG00000309","2022-10-11 21:49:44","RVMAX0862000013","2022-10-12 15:16:03","2022-10-12 20:18:59","OFF-E0122/00377,OFF-E0122/00378"
"TPE Cabopol Lacoflex CHM91-0000-PIR03 ","RSEBS0000000142","22313910",900.0,"KG","E012210CHG00000308","2022-10-11 21:49:35","RSEBS0000000142","2022-10-12 12:57:54","2022-10-12 19:19:26","OFF-E0122/00377,OFF-E0122/00378"
"TPE Cabopol Lacoflex CHM91-0000-PIR03 ","RSEBS0000000142","22313923",900.0,"KG","E012210CHG00000307","2022-10-11 21:49:27","RSEBS0000000142","2022-10-12 04:18:46","2022-10-12 12:56:16","OFF-E0122/00377,OFF-E0122/00378"
"Vistamaxx 6102","RVMAX0862000013","VM6102V21122502AB5023",650.0,"KG","E012210CHG00000304","2022-10-11 21:19:11","RVMAX0862000013","2022-10-11 22:52:28","2022-10-12 08:20:39","OFF-E0122/00374,OFF-E0122/00373"
"TPE Cabopol Lacoflex CHM91-0000-PIR03 ","RSEBS0000000142","2231399",500.0,"KG","E012210CHG00000303","2022-10-11 19:40:59","RSEBS0000000142","2022-10-11 23:40:20","2022-10-12 04:18:34","OFF-E0122/00377,OFF-E0122/00378"
"Adplast MB PPA AMF001PE-S4","RAPPA0000000137","50370322",75.0,"KG","E012210CHG00000292","2022-10-11 15:36:17","RAPPA0000000137","2022-10-13 19:50:37","2022-10-16 07:41:36","OFF-E0122/00377,OFF-E0122/00378"
"Adplast MB AOX AO05LLDPE-S4","RAAOX0000000138","504777922",75.0,"KG","E012210CHG00000291","2022-10-11 15:36:00","RAAOX0000000138","2022-10-13 19:50:20","2022-10-16 07:41:28","OFF-E0122/00377,OFF-E0122/00378"
"Vistamaxx 6102","RVMAX0862000013","VM6102V21122502AB5051",650.0,"KG","E012210CHG00000290","2022-10-11 15:26:00","RVMAX0862000013","2022-10-11 16:36:51","2022-10-11 22:52:16","OFF-E0122/00374,OFF-E0122/00373"
"TPE Ravago Ensoft SL-600-40A-A2-000 NATURAL","RSEBS0000000131","00586806269002568481",900.0,"KG","E012210CHG00000287","2022-10-11 14:11:12","RSEBS0000000131","2022-10-11 16:22:39","2022-10-12 00:13:34","OFF-E0122/00374,OFF-E0122/00373"
"Reciclado Elastictek","R00000000000001","20220910-02",735.0,"KG","E012210CHG00000283","2022-10-11 08:30:51","R00000000000001","2022-10-12 04:18:02","2022-10-12 15:05:37","OFF-E0122/00377,OFF-E0122/00378"
"Vistamaxx 6202","RVMAX0863000012","VM620222012601AB50257",650.0,"KG","E012210CHG00000282","2022-10-11 08:09:07","RVMAX0863000012","2022-10-12 02:02:13","2022-10-13 15:29:34","OFF-E0122/00377,OFF-E0122/00378"
"Vistamaxx 6102","RVMAX0862000013","VM6102V21122502AB50248",650.0,"KG","E012210CHG00000281","2022-10-10 22:13:53","RVMAX0862000013","2022-10-11 09:26:40","2022-10-11 16:36:37","OFF-E0122/00374,OFF-E0122/00373"
"Vistamaxx 6102","RVMAX0862000013","VM6102V21122502AB5063",650.0,"KG","E012210CHG00000280","2022-10-10 21:04:40","RVMAX0862000013","2022-10-11 01:41:38","2022-10-11 09:25:57","OFF-E0122/00374,OFF-E0122/00373"
"TPE Ravago Ensoft SL-600-40A-A2-000 NATURAL","RSEBS0000000131","00586806269002571139",900.0,"KG","E012210CHG00000279","2022-10-10 21:03:54","RSEBS0000000131","2022-10-11 03:16:01","2022-10-11 16:22:25","OFF-E0122/00374,OFF-E0122/00373"
"PP 621P ","RPP620900000035","949A386362",175.0,"KG","E012210CHG00000271","2022-10-10 16:36:08","RPP620900000035","2022-10-12 12:58:10","2022-10-13 21:51:34","OFF-E0122/00377,OFF-E0122/00378"
"Adplast MB Branco WE8625ES-S4","RMWH00000000117","22363974",350.0,"KG","E012210CHG00000270","2022-10-10 16:33:20","RMWH00000000117","2022-10-12 03:22:31","2022-10-13 19:19:09","OFF-E0122/00377,OFF-E0122/00378"
"Vistamaxx 6102","RVMAX0862000013","VM6102V21122502AB50150",650.0,"KG","E012210CHG00000260","2022-10-10 14:07:13","RVMAX0862000013","2022-10-10 17:02:48","2022-10-11 01:40:01","OFF-E0122/00372,OFF-E0122/00371,OFF-E0122/00370,OFF-E0122/00369"
"TPE Ravago Ensoft SL-600-40A-A2-000 NATURAL","RSEBS0000000131","00586806269002571382",565.0,"KG","E012210CHG00000259","2022-10-10 11:35:16","RSEBS0000000131","2022-10-10 17:47:37","2022-10-11 03:15:49","OFF-E0122/00372,OFF-E0122/00371,OFF-E0122/00370,OFF-E0122/00369"
"Reciclado Elastictek","R00000000000001","20220912-02",822.0,"KG","E012210CHG00000258","2022-10-09 21:21:27","R00000000000001","2022-10-10 17:51:21","2022-10-11 02:19:56","OFF-E0122/00372,OFF-E0122/00371,OFF-E0122/00370,OFF-E0122/00369"
"Reciclado Elastictek","R00000000000001","20220911-01",785.0,"KG","E012210CHG00000257","2022-10-09 21:21:05","R00000000000001","2022-10-11 02:20:56","2022-10-12 04:17:48","OFF-E0122/00374,OFF-E0122/00373"
"Vistamaxx 6102","RVMAX0862000013","VM6102V21121503AB5019",650.0,"KG","E012210CHG00000256","2022-10-09 21:20:21","RVMAX0862000013","2022-10-10 08:20:20","2022-10-10 17:02:25","OFF-E0122/00372,OFF-E0122/00371,OFF-E0122/00370,OFF-E0122/00369"
"TPE Ravago Ensoft SL-600-40A-A2-000 NATURAL","RSEBS0000000131","00586806269002568214",900.0,"KG","E012210CHG00000255","2022-10-09 21:20:14","RSEBS0000000131","2022-10-10 08:24:39","2022-10-10 17:45:08","OFF-E0122/00372,OFF-E0122/00371,OFF-E0122/00370,OFF-E0122/00369"
"Vistamaxx 6202","RVMAX0863000012","VM6202V22012601AB5036",650.0,"KG","E012210CHG00000246","2022-10-09 20:30:36","RVMAX0863000012","2022-10-10 05:12:07","2022-10-12 02:02:02","OFF-E0122/00372,OFF-E0122/00371,OFF-E0122/00370,OFF-E0122/00369"
"Vistamaxx 6102","RVMAX0862000013","VM6102V21121503AB506",650.0,"KG","E012210CHG00000245","2022-10-09 20:22:52","RVMAX0862000013","2022-10-09 23:03:54","2022-10-10 08:19:44","OFF-E0122/00372,OFF-E0122/00371,OFF-E0122/00370,OFF-E0122/00369"
"TPE Ravago Ensoft SL-600-40A-A2-000 NATURAL","RSEBS0000000131","00586806269002568535",900.0,"KG","E012210CHG00000244","2022-10-09 20:19:55","RSEBS0000000131","2022-10-09 21:59:16","2022-10-10 08:23:49","OFF-E0122/00372,OFF-E0122/00371,OFF-E0122/00370,OFF-E0122/00369"
"Adplast MB AOX AO05LLDPE-S4","RAAOX0000000138","504777922",75.0,"KG","E012210CHG00000237","2022-10-09 14:14:12","RAAOX0000000138","2022-10-11 15:42:38","2022-10-13 19:48:57","OFF-E0122/00374,OFF-E0122/00373"
"Adplast MB PPA AMF001PE-S4","RAPPA0000000137","50370322",75.0,"KG","E012210CHG00000236","2022-10-09 14:13:55","RAPPA0000000137","2022-10-11 15:42:09","2022-10-13 19:49:11","OFF-E0122/00374,OFF-E0122/00373"
"Vistamaxx 6102","RVMAX0862000013","VM6102V21121503AB50105",650.0,"KG","E012210CHG00000231","2022-10-09 11:56:37","RVMAX0862000013","2022-10-09 15:36:30","2022-10-09 22:36:27","OFF-E0122/00372,OFF-E0122/00371,OFF-E0122/00370,OFF-E0122/00369"
"TPE Ravago Ensoft SL-600-40A-A2-000 NATURAL","RSEBS0000000131","00586806269002571115",900.0,"KG","E012210CHG00000230","2022-10-09 10:52:45","RSEBS0000000131","2022-10-09 12:25:10","2022-10-09 21:51:26","OFF-E0122/00372,OFF-E0122/00371,OFF-E0122/00370,OFF-E0122/00369"
"TPE Ravago Ensoft SL-600-40A-A2-000 NATURAL","RSEBS0000000131","00586806269002568528",900.0,"KG","E012210CHG00000228","2022-10-08 22:13:30","RSEBS0000000131","2022-10-09 05:26:07","2022-10-09 12:22:01","OFF-E0122/00372,OFF-E0122/00371,OFF-E0122/00370,OFF-E0122/00369"
"Vistamaxx 6102","RVMAX0862000013","VM6102V22050403AB50238",650.0,"KG","E012210CHG00000227","2022-10-08 22:13:22","RVMAX0862000013","2022-10-09 05:26:42","2022-10-09 15:36:11","OFF-E0122/00372,OFF-E0122/00371,OFF-E0122/00370,OFF-E0122/00369"
"Reciclado Elastictek","R00000000000001","20220912-01",775.0,"KG","E012210CHG00000220","2022-10-08 20:00:18","R00000000000001","2022-10-10 03:25:21","2022-10-10 17:49:53","OFF-E0122/00372,OFF-E0122/00371,OFF-E0122/00370,OFF-E0122/00369"
"Vistamaxx 6102","RVMAX0862000013","VM6102V21122502AB5071",650.0,"KG","E012210CHG00000219","2022-10-08 17:52:03","RVMAX0862000013","2022-10-08 21:43:39","2022-10-09 05:26:17","OFF-E0122/00372,OFF-E0122/00371,OFF-E0122/00370,OFF-E0122/00369"
"TPE Ravago Ensoft SL-600-40A-A2-000 NATURAL","RSEBS0000000131","00586806269002568542",900.0,"KG","E012210CHG00000218","2022-10-08 16:30:41","RSEBS0000000131","2022-10-08 18:44:00","2022-10-09 05:25:42","OFF-E0122/00372,OFF-E0122/00371,OFF-E0122/00370,OFF-E0122/00369"
"Vistamaxx 6202","RVMAX0863000012","VM6202V22012601AB50102",650.0,"KG","E012210CHG00000213","2022-10-08 14:22:33","RVMAX0863000012","2022-10-08 21:42:09","2022-10-10 05:11:34","OFF-E0122/00372,OFF-E0122/00371,OFF-E0122/00370,OFF-E0122/00369"
"Adplast MB Branco WE8625ES-S4","RMWH00000000117","22363974",350.0,"KG","E012210CHG00000212","2022-10-08 13:23:43","RMWH00000000117","2022-10-10 05:12:43","2022-10-12 03:22:20","OFF-E0122/00372,OFF-E0122/00371,OFF-E0122/00370,OFF-E0122/00369"
"Reciclado Elastictek","R00000000000001","20220914-01",770.0,"KG","E012210CHG00000201","2022-10-07 22:06:00","R00000000000001","2022-10-09 11:46:26","2022-10-10 03:25:03","OFF-E0122/00372,OFF-E0122/00371,OFF-E0122/00370,OFF-E0122/00369"
"Reciclado Elastictek","R00000000000001","20220902-01",749.0,"KG","E012210CHG00000200","2022-10-07 22:05:33","R00000000000001","2022-10-08 21:43:54","2022-10-09 11:46:04","OFF-E0122/00372,OFF-E0122/00371,OFF-E0122/00370,OFF-E0122/00369"
"TPE Ravago Ensoft SL-600-40A-A2-000 NATURAL","RSEBS0000000131","00586806269002570873",900.0,"KG","E012210CHG00000199","2022-10-07 22:04:39","RSEBS0000000131","2022-10-08 12:12:21","2022-10-08 18:39:07","OFF-E0122/00372,OFF-E0122/00371,OFF-E0122/00370,OFF-E0122/00369"
"Vistamaxx 6102","RVMAX0862000013","VM6102V22050403AB50231",650.0,"KG","E012210CHG00000198","2022-10-07 22:04:31","RVMAX0862000013","2022-10-08 12:22:34","2022-10-08 21:41:41","OFF-E0122/00372,OFF-E0122/00371,OFF-E0122/00370,OFF-E0122/00369"
"TPE Ravago Ensoft SL-600-40A-A2-000 NATURAL","RSEBS0000000131","00586806269002568252",900.0,"KG","E012210CHG00000191","2022-10-07 20:11:45","RSEBS0000000131","2022-10-08 00:22:02","2022-10-08 12:11:47","OFF-E0122/00372,OFF-E0122/00371,OFF-E0122/00370,OFF-E0122/00369"
"Vistamaxx 6102","RVMAX0862000013","VM6102V21122502AB50111",650.0,"KG","E012210CHG00000190","2022-10-07 20:11:37","RVMAX0862000013","2022-10-07 23:42:58","2022-10-08 12:22:24","OFF-E0122/00372,OFF-E0122/00371,OFF-E0122/00370,OFF-E0122/00369"
"Reciclado Elastictek","R00000000000001","20220901-02",766.0,"KG","E012210CHG00000186","2022-10-07 14:15:45","R00000000000001","2022-10-07 15:22:56","2022-10-08 06:10:21","OFF-E0122/00372,OFF-E0122/00371,OFF-E0122/00370,OFF-E0122/00369"
"Vistamaxx 6102","RVMAX0862000013","VM6102V21122502AB50116",650.0,"KG","E012210CHG00000185","2022-10-07 12:39:23","RVMAX0862000013","2022-10-07 18:14:29","2022-10-07 23:33:14","OFF-E0122/00372,OFF-E0122/00371,OFF-E0122/00370,OFF-E0122/00369"
"Vistamaxx 6202","RVMAX0863000012","VM6202V22012601AB50199",650.0,"KG","E012210CHG00000184","2022-10-07 12:26:47","RVMAX0863000012","2022-10-07 17:56:09","2022-10-08 21:41:50","OFF-E0122/00372,OFF-E0122/00371,OFF-E0122/00370,OFF-E0122/00369"
"Adplast MB Branco WE8625ES-S4","RMWH00000000117","22363974",350.0,"KG","E012210CHG00000183","2022-10-07 07:53:01","RMWH00000000117","2022-10-08 10:04:00","2022-10-10 05:12:20","OFF-E0122/00372,OFF-E0122/00371,OFF-E0122/00370,OFF-E0122/00369"
"Vistamaxx 6102","RVMAX0862000013","VM6102V21121503AB503",650.0,"KG","E012210CHG00000176","2022-10-06 22:12:53","RVMAX0862000013","2022-10-07 07:29:09","2022-10-07 17:42:25","OFF-E0122/00372,OFF-E0122/00371,OFF-E0122/00370,OFF-E0122/00369"
"TPE Ravago Ensoft SL-600-40A-A2-000 NATURAL","RSEBS0000000131","00586806269002569891",900.0,"KG","E012210CHG00000175","2022-10-06 22:12:44","RSEBS0000000131","2022-10-07 10:38:39","2022-10-07 23:52:07","OFF-E0122/00372,OFF-E0122/00371,OFF-E0122/00370,OFF-E0122/00369"
"TPE Ravago Ensoft SL-600-40A-A2-000 NATURAL","RSEBS0000000131","00586806269002570286",900.0,"KG","E012210CHG00000174","2022-10-06 22:12:28","RSEBS0000000131","2022-10-07 01:47:31","2022-10-07 10:37:34","OFF-E0122/00372,OFF-E0122/00371,OFF-E0122/00370,OFF-E0122/00369"
"Vistamaxx 6102","RVMAX0862000013","VM6102V22050403AB50269",650.0,"KG","E012210CHG00000165","2022-10-06 16:08:44","RVMAX0862000013","2022-10-06 23:59:42","2022-10-07 07:28:55","OFF-E0122/00372,OFF-E0122/00371,OFF-E0122/00370,OFF-E0122/00369"
"Reciclado Elastictek","R00000000000001","20220906-01",763.0,"KG","E012210CHG00000164","2022-10-06 16:06:47","R00000000000001","2022-10-07 01:48:18","2022-10-07 15:16:36","OFF-E0122/00372,OFF-E0122/00371,OFF-E0122/00370,OFF-E0122/00369"
"TPE Ravago Ensoft SL-600-40A-A2-000 NATURAL","RSEBS0000000131","00586806269002569778",900.0,"KG","E012210CHG00000161","2022-10-06 13:19:42","RSEBS0000000131","2022-10-06 16:04:35","2022-10-07 01:40:45","OFF-E0122/00372,OFF-E0122/00371,OFF-E0122/00370,OFF-E0122/00369"
"Adplast MB PPA AMF001PE-S4","RAPPA0000000137","50370322",75.0,"KG","E012210CHG00000160","2022-10-06 13:13:32","RAPPA0000000137","2022-10-09 07:15:44","2022-10-11 15:41:53","OFF-E0122/00372,OFF-E0122/00371,OFF-E0122/00370,OFF-E0122/00369"
"Adplast MB AOX AO05LLDPE-S4","RAAOX0000000138","504777922",75.0,"KG","E012210CHG00000159","2022-10-06 13:13:08","RAAOX0000000138","2022-10-09 07:13:51","2022-10-11 15:41:30","OFF-E0122/00372,OFF-E0122/00371,OFF-E0122/00370,OFF-E0122/00369"
"Vistamaxx 6202","RVMAX0863000012","VM6202V22012602AB5038",650.0,"KG","E012210CHG00000156","2022-10-06 07:34:35","RVMAX0863000012","2022-10-06 09:44:54","2022-10-07 17:42:42","OFF-E0122/00372,OFF-E0122/00371,OFF-E0122/00370,OFF-E0122/00369"
"Vistamaxx 6102","RVMAX0862000013","VM6102V21121503AB50143",650.0,"KG","E012210CHG00000147","2022-10-05 22:44:47","RVMAX0862000013","2022-10-06 10:55:21","2022-10-06 22:52:44","OFF-E0122/00372,OFF-E0122/00371,OFF-E0122/00370,OFF-E0122/00369"
"Vistamaxx 6102","RVMAX0862000013","VM6102V21121503AB50107",650.0,"KG","E012210CHG00000144","2022-10-05 21:59:36",NULL,NULL,NULL,NULL
"TPE Ravago Ensoft SL-600-40A-A2-000 NATURAL","RSEBS0000000131","00586806269002568290",900.0,"KG","E012210CHG00000143","2022-10-05 21:59:28","RSEBS0000000131","2022-10-06 06:02:28","2022-10-06 16:03:49","OFF-E0122/00375"
"TPE Ravago Ensoft SL-600-40A-A2-000 NATURAL","RSEBS0000000131","00586806269002568504",900.0,"KG","E012210CHG00000139","2022-10-05 18:38:21","RSEBS0000000131","2022-10-05 21:06:29","2022-10-06 06:01:22","OFF-E0122/00375"
"Reciclado Elastictek","R00000000000001","20220907-02",755.0,"KG","E012210CHG00000138","2022-10-05 16:10:08","R00000000000001","2022-10-08 06:10:36","2022-10-08 21:41:25","OFF-E0122/00372,OFF-E0122/00371,OFF-E0122/00370,OFF-E0122/00369"
"Reciclado Elastictek","R00000000000001","20220904-02",792.0,"KG","E012210CHG00000137","2022-10-05 16:09:21","R00000000000001","2022-10-06 14:37:07","2022-10-07 01:48:02","OFF-E0122/00372,OFF-E0122/00371,OFF-E0122/00370,OFF-E0122/00369"
"Isolago Masterbatch Branco Isowhite L-75-0","RMWH00000000115","A221388",200.0,"KG","E012210CHG00000122","2022-10-05 09:52:19","RMWH00000000115","2022-10-07 03:15:06","2022-10-08 10:02:41","OFF-E0122/00372,OFF-E0122/00371,OFF-E0122/00370,OFF-E0122/00369"
"Vistamaxx 6102","RVMAX0862000013","VM6102V21113001AB5015",650.0,"KG","E012210CHG00000119","2022-10-04 22:54:41","RVMAX0862000013","2022-10-05 19:06:02","2022-10-06 10:53:36","OFF-E0122/00375"
"Reciclado Elastictek","R00000000000001","20220907-01",717.0,"KG","E012210CHG00000117","2022-10-04 22:52:11","R00000000000001","2022-10-05 21:46:50","2022-10-06 14:36:35","OFF-E0122/00375"
"Reciclado Elastictek","R00000000000001","20220906-02",785.0,"KG","E012210CHG00000116","2022-10-04 22:51:43","R00000000000001","2022-10-05 11:29:50","2022-10-05 21:46:25","OFF-E0122/00375"
"Vistamaxx 6102","RVMAX0862000013","VM6102V21113001AB5015",650.0,"KG","E012210MLO00000001","2022-10-04 22:51:16",NULL,NULL,NULL,NULL
"Vistamaxx 6102","RVMAX0862000013","VM6102V21113001AB5058",650.0,"KG","E012210CHG00000113","2022-10-04 22:43:14","RVMAX0862000013","2022-10-05 05:00:53","2022-10-05 11:42:13","OFF-E0122/00361,OFF-E0122/00362"
"TPE Ravago Ensoft SL-600-40A-A2-000 NATURAL","RSEBS0000000131","00586806269002568269",900.0,"KG","E012210CHG00000112","2022-10-04 22:38:38","RSEBS0000000131","2022-10-05 13:56:53","2022-10-05 21:06:09","OFF-E0122/00375"
"Vistamaxx 6102","RVMAX0862000013","VM6102V21113001AB5051",650.0,"KG","E012210CHG00000111","2022-10-04 22:27:09","RVMAX0862000013","2022-10-05 11:42:46","2022-10-05 18:44:01","OFF-E0122/00375"
"TPE Ravago Ensoft SL-600-40A-A2-000 NATURAL","RSEBS0000000131","00586806269002568573",900.0,"KG","E012210CHG00000110","2022-10-04 22:20:53","RSEBS0000000131","2022-10-05 03:03:51","2022-10-05 13:56:33","OFF-E0122/00361,OFF-E0122/00362"
"Vistamaxx 6202","RVMAX0863000012","VM6202V22012601AB50204",650.0,"KG","E012210CHG00000109","2022-10-04 21:35:39","RVMAX0863000012","2022-10-05 08:12:01","2022-10-06 09:44:19","OFF-E0122/00375"
"Vistamaxx 6102","RVMAX0862000013","VM6102V21122502AB50232",650.0,"KG","E012210CHG00000108","2022-10-04 19:43:20","RVMAX0862000013","2022-10-04 23:10:29","2022-10-05 05:00:26","OFF-E0122/00361,OFF-E0122/00362"
"PP 621P ","RPP620900000035","949A386362",175.0,"KG","E012210CHG00000097","2022-10-04 14:50:06","RPP620900000035","2022-10-10 10:16:59","2022-10-12 12:54:35","OFF-E0122/00372,OFF-E0122/00371,OFF-E0122/00370,OFF-E0122/00369"
"Adplast MB PPA AMF001PE-S4","RAPPA0000000137","50370322",75.0,"KG","E012210CHG00000095","2022-10-04 12:31:55","RAPPA0000000137","2022-10-06 13:46:01","2022-10-09 07:12:10","OFF-E0122/00372,OFF-E0122/00371,OFF-E0122/00370,OFF-E0122/00369"
"Adplast MB AOX AO05LLDPE-S4","RAAOX0000000138","504777922",75.0,"KG","E012210CHG00000094","2022-10-04 12:31:40","RAAOX0000000138","2022-10-06 13:42:24","2022-10-09 07:13:23","OFF-E0122/00372,OFF-E0122/00371,OFF-E0122/00370,OFF-E0122/00369"
"Vistamaxx 6102","RVMAX0862000013","VM6102V21122502AB50112",650.0,"KG","E012210CHG00000093","2022-10-04 12:26:26","RVMAX0862000013","2022-10-04 14:48:45","2022-10-04 23:09:19","OFF-E0122/00361,OFF-E0122/00362"
"Reciclado Elastictek","R00000000000001","20220908-01",790.0,"KG","E012210CHG00000087","2022-10-03 22:57:19","R00000000000001","2022-10-04 15:42:30","2022-10-05 11:29:37","OFF-E0122/00361,OFF-E0122/00362"
"Vistamaxx 6102","RVMAX0862000013","VM6102V21121503AB5038",650.0,"KG","E012210CHG00000086","2022-10-03 22:50:38","RVMAX0862000013","2022-10-04 09:13:03","2022-10-04 14:45:54","OFF-E0122/00361,OFF-E0122/00362"
"TPE Ravago Ensoft SL-600-40A-A2-000 NATURAL","RSEBS0000000131","00586806269002568221",900.0,"KG","E012210CHG00000085","2022-10-03 22:49:44","RSEBS0000000131","2022-10-04 12:27:34","2022-10-05 03:03:23","OFF-E0122/00361,OFF-E0122/00362"
"Vistamaxx 6102","RVMAX0862000013","VM6102V21121503AB5018",650.0,"KG","E012210CHG00000078","2022-10-03 22:09:36","RVMAX0862000013","2022-10-04 02:07:04","2022-10-04 09:12:44","OFF-E0122/00366"
"TPE Ravago Ensoft SL-600-40A-A2-000 NATURAL","RSEBS0000000131","00586806269002568511",900.0,"KG","E012210CHG00000077","2022-10-03 22:04:14","RSEBS0000000131","2022-10-04 01:44:26","2022-10-04 11:52:54","OFF-E0122/00366"
"Isolago Masterbatch Branco Isowhite L-75-0","RMWH00000000115","A221388",350.0,"KG","E012210CHG00000063","2022-10-03 14:14:45","RMWH00000000115","2022-10-05 10:17:04","2022-10-07 03:14:45","OFF-E0122/00375"
"TPE Ravago Ensoft SL-600-40A-A2-000 NATURAL","RSEBS0000000131","00586806269002568498",900.0,"KG","E012210CHG00000062","2022-10-03 14:13:14","RSEBS0000000131","2022-10-03 15:43:38","2022-10-04 01:44:07","OFF-E0122/00366"
"Vistamaxx 6202","RVMAX0863000012","VM6202V22012601AB50200",650.0,"KG","E012210CHG00000061","2022-10-03 14:05:55","RVMAX0863000012","2022-10-03 16:29:32","2022-10-05 08:11:22","OFF-E0122/00366"
"Vistamaxx 6102","RVMAX0862000013","VM6102V21121503AB50166",650.0,"KG","E012210CHG00000060","2022-10-03 13:56:08","RVMAX0862000013","2022-10-03 16:31:20","2022-10-04 02:06:50","OFF-E0122/00366"
"Reciclado Elastictek","R00000000000001","20220905-01",802.0,"KG","E012210CHG00000056","2022-10-02 22:40:47","R00000000000001","2022-10-03 23:31:19","2022-10-04 15:42:17","OFF-E0122/00366"
"Reciclado Elastictek","R00000000000001","20220903-01",784.0,"KG","E012210CHG00000055","2022-10-02 22:35:29","R00000000000001","2022-10-03 12:34:52","2022-10-03 23:27:53","OFF-E0122/00366"
"TPE Ravago Ensoft SL-600-40A-A2-000 NATURAL","RSEBS0000000131","00586806269002568245",900.0,"KG","E012210CHG00000054","2022-10-02 22:30:02","RSEBS0000000131","2022-10-03 08:54:52","2022-10-03 15:43:18","OFF-E0122/00366"
"Vistamaxx 6102","RVMAX0862000013","VM6102V21121503AB5037",650.0,"KG","E012210CHG00000053","2022-10-02 22:29:08","RVMAX0862000013","2022-10-03 09:17:42","2022-10-03 16:30:46","OFF-E0122/00366"
"Vistamaxx 6102","RVMAX0862000013","VM6102V21121503AB50176",650.0,"KG","E012210CHG00000042","2022-10-02 21:52:13",NULL,NULL,NULL,NULL
"Reciclado Elastictek","R00000000000001","LO22070019",789.0,"KG","E012210CHG00000041","2022-10-02 14:36:44",NULL,NULL,NULL,NULL
"Vistamaxx 6202","RVMAX0863000012","VM6202V22012601AB50203",650.0,"KG","E012210CHG00000031","2022-10-02 08:59:22","RVMAX0863000012","2022-10-02 16:31:27","2022-10-03 16:28:34","OFF-E0122/00359,OFF-E0122/00358,OFF-E0122/00357,OFF-E0122/00356"
"Reciclado Elastictek","R00000000000001","20220904-01",692.0,"KG","E012210CHG00000030","2022-10-01 21:18:05","R00000000000001","2022-10-02 02:10:04","2022-10-02 20:19:49","OFF-E0122/00359,OFF-E0122/00358,OFF-E0122/00357,OFF-E0122/00356"
"Vistamaxx 6102","RVMAX0862000013","VM6102V21121503AB50136",650.0,"KG","E012210CHG00000029","2022-10-01 21:17:29","RVMAX0862000013","2022-10-02 16:35:28","2022-10-02 23:29:50","OFF-E0122/00359,OFF-E0122/00358,OFF-E0122/00357,OFF-E0122/00356"
"Vistamaxx 6102","RVMAX0862000013","VM6102V21121503AB50124",650.0,"KG","E012210CHG00000028","2022-10-01 21:17:20",NULL,NULL,NULL,NULL
"TPE Ravago Ensoft SL-600-40A-A2-000 NATURAL","RSEBS0000000131","00586806269002568306",900.0,"KG","E012210CHG00000027","2022-10-01 21:17:11","RSEBS0000000131","2022-10-02 22:26:03","2022-10-03 08:48:23","OFF-E0122/00359,OFF-E0122/00358,OFF-E0122/00357,OFF-E0122/00356"
"TPE Ravago Ensoft SL-600-40A-A2-000 NATURAL","RSEBS0000000131","00586806269002568276",900.0,"KG","E012210CHG00000026","2022-10-01 21:17:03","RSEBS0000000131","2022-10-02 13:59:48","2022-10-02 22:24:34","OFF-E0122/00359,OFF-E0122/00358,OFF-E0122/00357,OFF-E0122/00356"
"Adplast MB PPA AMF001PE-S4","RAPPA0000000137","50370322",75.0,"KG","E012210CHG00000025","2022-10-01 21:16:55","RAPPA0000000137","2022-10-04 06:18:59","2022-10-06 13:41:45","OFF-E0122/00361,OFF-E0122/00362"
"Adplast MB AOX AO05LLDPE-S4","RAAOX0000000138","504777922",75.0,"KG","E012210CHG00000024","2022-10-01 21:16:32","RAAOX0000000138","2022-10-04 06:18:30","2022-10-06 13:41:52","OFF-E0122/00361,OFF-E0122/00362"
"Isolago Masterbatch Branco Isowhite L-75-0","RMWH00000000115","A221388",350.0,"KG","E012210CHG00000013","2022-10-01 19:08:15","RMWH00000000115","2022-10-03 14:53:03","2022-10-05 09:49:01","OFF-E0122/00366"
"TPE Ravago Ensoft SL-600-40A-A2-000 NATURAL","RSEBS0000000131","00586806269002571122",900.0,"KG","E012210CHG00000011","2022-10-01 10:26:59",NULL,NULL,NULL,NULL
"Vistamaxx 6202","RVMAX0863000012","VM6202V22012601AB50209",650.0,"KG","E012210CHG00000010","2022-10-01 10:18:33","RVMAX0863000012","2022-10-01 12:44:57","2022-10-02 16:29:56","OFF-E0122/00359,OFF-E0122/00358,OFF-E0122/00357,OFF-E0122/00356"
"Reciclado Elastictek","R00000000000001","LO22070019",747.0,"KG","E012210CHG00000001","2022-10-01 09:20:17","R00000000000001","2022-10-01 12:12:56","2022-10-02 01:49:24","OFF-E0122/00359,OFF-E0122/00358,OFF-E0122/00357,OFF-E0122/00356"
"TPE Ravago Ensoft SL-600-40A-A2-000 NATURAL","RSEBS0000000131","00586806269002568283",900.0,"KG","E012209CHG00000819","2022-09-30 22:31:36","RSEBS0000000131","2022-10-01 12:41:46","2022-10-02 00:33:59","OFF-E0122/00359,OFF-E0122/00358,OFF-E0122/00357,OFF-E0122/00356"
"TPE Ravago Ensoft SL-600-40A-A2-000 NATURAL","RSEBS0000000131","00586806269002568238",900.0,"KG","E012209CHG00000818","2022-09-30 22:31:26","RSEBS0000000131","2022-10-01 00:41:25","2022-10-01 12:39:39","OFF-E0122/00359,OFF-E0122/00358,OFF-E0122/00357,OFF-E0122/00356"
"Vistamaxx 6102","RVMAX0862000013","VM6102V21121503AB50113",650.0,"KG","E012209CHG00000817","2022-09-30 22:31:00","RVMAX0862000013","2022-10-01 19:20:44","2022-10-02 00:23:51","OFF-E0122/00359,OFF-E0122/00358,OFF-E0122/00357,OFF-E0122/00356"
"Vistamaxx 6102","RVMAX0862000013","VM6102V21121503AB50167",650.0,"KG","E012209CHG00000816","2022-09-30 22:30:51","RVMAX0862000013","2022-10-01 05:33:32","2022-10-01 19:08:37","OFF-E0122/00359,OFF-E0122/00358,OFF-E0122/00357,OFF-E0122/00356"
"Isolago Masterbatch Branco Isowhite L-75-0","RMWH00000000115","A221388",350.0,"KG","E012209CHG00000806","2022-09-30 20:42:34","RMWH00000000115","2022-10-01 15:34:52","2022-10-03 14:52:50","OFF-E0122/00359,OFF-E0122/00358,OFF-E0122/00357,OFF-E0122/00356"
"Vistamaxx 6102","RVMAX0862000013","VM6102V21121503AB50101",650.0,"KG","E012209CHG00000802","2022-09-30 19:10:33","RVMAX0862000013","2022-09-30 23:35:33","2022-10-01 05:29:08","OFF-E0122/00359,OFF-E0122/00358,OFF-E0122/00357,OFF-E0122/00356"
"TPE Ravago Ensoft SL-600-40A-A2-000 NATURAL","RSEBS0000000131","00586806269002569907",900.0,"KG","E012209CHG00000801","2022-09-30 14:42:51","RSEBS0000000131","2022-09-30 17:26:17","2022-10-01 00:40:33","OFF-E0122/00359,OFF-E0122/00358,OFF-E0122/00357,OFF-E0122/00356"
"Vistamaxx 6202","RVMAX0863000012","VM6202V22012601AB5020",650.0,"KG","E012209CHG00000793","2022-09-29 22:59:36","RVMAX0863000012","2022-09-30 13:05:25","2022-10-01 12:44:40","OFF-E0122/00359,OFF-E0122/00358,OFF-E0122/00357,OFF-E0122/00356"
"Reciclado Elastictek","R00000000000001","20220902-02",796.0,"KG","E012209CHG00000792","2022-09-29 22:55:10","R00000000000001","2022-09-30 04:20:22","2022-10-01 12:12:34","OFF-E0122/00359,OFF-E0122/00358,OFF-E0122/00357,OFF-E0122/00356"
"Adplast MB AOX AO05LLDPE-S4","RAAOX0000000138","504777922",75.0,"KG","E012209CHG00000776","2022-09-29 14:26:34","RAAOX0000000138","2022-10-01 19:28:59","2022-10-04 06:17:43","OFF-E0122/00359,OFF-E0122/00358,OFF-E0122/00357,OFF-E0122/00356"
"Adplast MB PPA AMF001PE-S4","RAPPA0000000137","50370322",75.0,"KG","E012209CHG00000775","2022-09-29 14:24:04","RAPPA0000000137","2022-10-01 19:28:45","2022-10-04 06:18:16","OFF-E0122/00359,OFF-E0122/00358,OFF-E0122/00357,OFF-E0122/00356"
"Reciclado Elastictek","R00000000000001","LO22070019",797.0,"KG","E012209CHG00000773","2022-09-29 12:00:16",NULL,NULL,NULL,NULL
"Reciclado Elastictek","R00000000000001","20220901-01",750.0,"KG","E012209CHG00000762","2022-09-28 22:42:19",NULL,NULL,NULL,NULL
"Reciclado Elastictek","R00000000000001","LO22070019",770.0,"KG","E012209CHG00000761","2022-09-28 22:39:54","R00000000000001","2022-09-29 14:53:16","2022-09-30 04:18:17","OFF-E0122/00359,OFF-E0122/00358,OFF-E0122/00357,OFF-E0122/00356"
"Reciclado Elastictek","R00000000000001","LO22070019",765.0,"KG","E012209CHG00000760","2022-09-28 22:39:18",NULL,NULL,NULL,NULL
"Adplast MB Branco WE8625ES-S4","RMWH00000000117","22363974",275.0,"KG","E012209CHG00000740","2022-09-28 15:20:51","RMWH00000000117","2022-09-30 02:05:46","2022-10-01 15:34:36","OFF-E0122/00359,OFF-E0122/00358,OFF-E0122/00357,OFF-E0122/00356"
"PP 621P ","RPP620900000035","949A386362",175.0,"KG","E012209CHG00000739","2022-09-28 15:20:20","RPP620900000035","2022-10-04 15:41:35","2022-10-10 10:16:41","OFF-E0122/00361,OFF-E0122/00362"
"Reciclado Elastictek","R00000000000001","LO22070019",797.0,"KG","E012209CHG00000737","2022-09-28 13:30:39","R00000000000001","2022-09-28 19:57:57","2022-09-29 12:01:14","OFF-E0122/00359,OFF-E0122/00358,OFF-E0122/00357,OFF-E0122/00356"
"Reciclado Elastictek","R00000000000001","LO22070019",710.0,"KG","E012209CHG00000728","2022-09-27 22:50:30","R00000000000001","2022-09-28 02:30:58","2022-09-28 19:57:45","OFF-E0122/00359,OFF-E0122/00358,OFF-E0122/00357,OFF-E0122/00356"
"TPE Ravago Ensoft SL-600-40A-A2-000 NATURAL","RSEBS0000000131","0108680626179834102F4060503102",900.0,"KG","E012209CHG00000726","2022-09-27 22:45:18","RSEBS0000000131","2022-09-28 01:45:16","2022-09-28 15:00:16","OFF-E0122/00359,OFF-E0122/00358,OFF-E0122/00357,OFF-E0122/00356"
"PP 621P ","RPP620900000035","949A386362",175.0,"KG","E012209CHG00000721","2022-09-27 22:40:36","RPP620900000035","2022-09-28 17:10:56","2022-10-04 15:41:19","OFF-E0122/00359,OFF-E0122/00358,OFF-E0122/00357,OFF-E0122/00356"
"Adplast MB PPA AMF001PE-S4","RAPPA0000000137","50370322",75.0,"KG","E012209CHG00000696","2022-09-27 07:24:13","RAPPA0000000137","2022-09-29 12:45:10","2022-10-01 19:27:08","OFF-E0122/00359,OFF-E0122/00358,OFF-E0122/00357,OFF-E0122/00356"
"Adplast MB AOX AO05LLDPE-S4","RAAOX0000000138","504777922",75.0,"KG","E012209CHG00000695","2022-09-27 07:23:53","RAAOX0000000138","2022-09-29 12:44:50","2022-10-01 19:27:31","OFF-E0122/00359,OFF-E0122/00358,OFF-E0122/00357,OFF-E0122/00356"
"Reciclado Elastictek","R00000000000001","LO22070019",755.0,"KG","E012209CHG00000694","2022-09-26 22:20:56","R00000000000001","2022-09-27 19:42:00","2022-09-27 19:32:00","OFF-E0122/00346,OFF-E0122/00347,OFF-E0122/00348,OFF-E0122/00349"
"Reciclado Elastictek","R00000000000001","LO22070019",755.0,"KG","E012209CHG00000694","2022-09-26 22:20:56","R00000000000001","2022-09-27 19:42:00","2022-09-27 20:32:00","OFF-E0122/00346,OFF-E0122/00347,OFF-E0122/00348,OFF-E0122/00349"
"Reciclado Elastictek","R00000000000001","LO22070019",755.0,"KG","E012209CHG00000694","2022-09-26 22:20:56","R00000000000001","2022-09-27 20:32:00","2022-09-27 19:32:00","OFF-E0122/00346,OFF-E0122/00347,OFF-E0122/00348,OFF-E0122/00349"
"Reciclado Elastictek","R00000000000001","LO22070019",755.0,"KG","E012209CHG00000694","2022-09-26 22:20:56","R00000000000001","2022-09-27 20:32:00","2022-09-27 20:32:00","OFF-E0122/00346,OFF-E0122/00347,OFF-E0122/00348,OFF-E0122/00349"
"TPE Cabopol Lacoflex CHM91-0000-PIR03 ","RSEBS0000000142","2231399",900.0,"KG","E012209CHG00000691","2022-09-26 22:10:02",NULL,NULL,NULL,NULL
"Reciclado Elastictek","R00000000000001","LO22070019",750.0,"KG","E012209CHG00000683","2022-09-26 21:27:31","R00000000000001","2022-09-26 23:00:00","2022-09-27 19:38:00","OFF-E0122/00346,OFF-E0122/00347,OFF-E0122/00348,OFF-E0122/00349"
"Adplast MB Branco WE8625ES-S4","RMWH00000000117","22363974",1050.0,"KG","E012209CHG00000679","2022-09-26 13:23:44",NULL,NULL,NULL,NULL
"Adplast MB Branco WE8625ES-S4","RMWH00000000117","22363974",350.0,"KG","E012209CHG00000678","2022-09-26 13:10:28","RMWH00000000117","2022-09-28 18:14:41","2022-09-30 02:04:28","OFF-E0122/00359,OFF-E0122/00358,OFF-E0122/00357,OFF-E0122/00356"
"PP 621P ","RPP620900000035","949A386362",175.0,"KG","E012209CHG00000677","2022-09-26 12:59:46",NULL,NULL,NULL,NULL
"Reciclado Elastictek","R00000000000001","LO22070019",717.0,"KG","E012209CHG00000663","2022-09-25 22:26:50","R00000000000001","2022-09-26 22:20:00","2022-09-27 19:38:00","OFF-E0122/00346,OFF-E0122/00347,OFF-E0122/00348,OFF-E0122/00349"
"Reciclado Elastictek","R00000000000001","LO22070019",735.0,"KG","E012209CHG00000662","2022-09-25 22:25:56","R00000000000001","2022-09-26 10:40:26","2022-09-26 22:20:00","OFF-E0122/00353"
"PP 621P ","RPP620900000035","949A386362",175.0,"KG","E012209CHG00000638","2022-09-25 13:39:40","RPP620900000035","2022-09-26 10:40:53","2022-09-27 19:38:19","OFF-E0122/00353"
"Adplast MB Branco WE8625ES-S4","RMWH00000000117","22363974",350.0,"KG","E012209CHG00000637","2022-09-25 13:39:06",NULL,NULL,NULL,NULL
"Adplast MB PPA AMF001PE-S4","RAPPA0000000137","50370322",75.0,"KG","E012209CHG00000636","2022-09-25 13:38:47","RAPPA0000000137","2022-09-28 18:13:03","2022-09-29 12:44:34","OFF-E0122/00359,OFF-E0122/00358,OFF-E0122/00357,OFF-E0122/00356"
"Adplast MB AOX AO05LLDPE-S4","RAAOX0000000138","504777922",75.0,"KG","E012209CHG00000635","2022-09-25 13:38:30","RAAOX0000000138","2022-09-28 18:14:07","2022-09-29 12:44:25","OFF-E0122/00359,OFF-E0122/00358,OFF-E0122/00357,OFF-E0122/00356"
"Reciclado Elastictek","R00000000000001","LO22070019",871.0,"KG","E012209CHG00000634","2022-09-25 13:06:55","R00000000000001","2022-09-25 19:34:48","2022-09-26 10:40:19","OFF-E0122/00353"
"Reciclado Elastictek","R00000000000001","LO22070019",735.0,"KG","E012209CHG00000602","2022-09-23 22:46:42","R00000000000001","2022-09-24 08:40:09","2022-09-24 20:00:00","OFF-E0122/00346,OFF-E0122/00347,OFF-E0122/00348,OFF-E0122/00349"
"Reciclado Elastictek","R00000000000001","LO22070019",735.0,"KG","E012209CHG00000601","2022-09-23 22:44:08",NULL,NULL,NULL,NULL
"Reciclado Elastictek","R00000000000001","LO22070019",819.0,"KG","E012209CHG00000599","2022-09-23 22:35:04",NULL,NULL,NULL,NULL
"PP 621P ","RPP620900000035","949A386362",175.0,"KG","E012209CHG00000587","2022-09-23 21:57:32","RPP620900000035","2022-09-25 04:00:14","2022-09-26 10:40:26","OFF-E0122/00353"
"Adplast MB Branco WE8625ES-S4","RMWH00000000117","22363974",350.0,"KG","E012209CHG00000586","2022-09-23 21:57:11",NULL,NULL,NULL,NULL
"Adplast MB PPA AMF001PE-S4","RAPPA0000000137","50370322",75.0,"KG","E012209CHG00000585","2022-09-23 21:56:50","RAPPA0000000137","2022-09-25 03:35:05",NULL,"OFF-E0122/00353"
"Adplast MB AOX AO05LLDPE-S4","RAAOX0000000138","504777922",75.0,"KG","E012209CHG00000584","2022-09-23 21:56:26","RAAOX0000000138","2022-09-25 03:35:05",NULL,"OFF-E0122/00353"
"Adplast MB Branco WE8625ES-S4","RMWH00000000117","22363974",500.0,"KG","E012209CHG00000575","2022-09-23 15:53:49",NULL,NULL,NULL,NULL
"Reciclado Elastictek","R00000000000001","LO22070019",735.0,"KG","E012209CHG00000574","2022-09-23 15:47:42",NULL,NULL,NULL,NULL
"Reciclado Elastictek","R00000000000001","LO22070019",739.0,"KG","E012209CHG00000565","2022-09-23 09:26:08","R00000000000001","2022-09-23 22:00:54","2022-09-24 08:40:00","OFF-E0122/00346,OFF-E0122/00347,OFF-E0122/00348,OFF-E0122/00349"
"Vistamaxx 6102","RVMAX0862000013","VM6102V21113001AB5083",650.0,"KG","E012209CHG00000537","2022-09-21 22:46:51",NULL,NULL,NULL,NULL
"Adplast MB Branco WE8625ES-S4","RMWH00000000117","22363974",350.0,"KG","E012209CHG00000536","2022-09-21 22:22:38",NULL,NULL,NULL,NULL
"PP 621P ","RPP620900000035","949A386362",100.0,"KG","E012209CHG00000503","2022-09-20 18:11:19",NULL,NULL,NULL,NULL
"Adplast MB PPA AMF001PE-S4","RAPPA0000000137","50370322",50.0,"KG","E012209CHG00000502","2022-09-20 18:06:27",NULL,NULL,NULL,NULL
"Adplast MB AOX AO05LLDPE-S4","RAAOX0000000138","504777922",50.0,"KG","E012209CHG00000501","2022-09-20 18:05:33",NULL,NULL,NULL,NULL
"Adplast MB Branco WE8625ES-S4","RMWH00000000117","22363974",200.0,"KG","E012209CHG00000500","2022-09-20 17:58:46",NULL,NULL,NULL,NULL
"Adplast MB Branco WE8625ES-S4","RMWH00000000117","22363974",350.0,"KG","E012209CHG00000498","2022-09-20 17:54:41",NULL,NULL,NULL,NULL
"TPE Cabopol Lacoflex CHM91-0000-PIR03 ","RSEBS0000000142","2231392",900.0,"KG","E012209CHG00000482","2022-09-19 22:26:15","RSEBS0000000142","2022-09-20 23:28:04","2022-09-23 15:45:21","OFF-E0122/00346,OFF-E0122/00347,OFF-E0122/00348,OFF-E0122/00349"
"TPE Cabopol Lacoflex CHM91-0000-50 ","RSEBS0000000139","2219514",900.0,"KG","E012208MLO00000007","2022-09-19 13:32:21",NULL,NULL,NULL,NULL
"Vistamaxx 6202","RVMAX0863000012","VM620222012601AB50257",650.0,"KG","E012208MLO00000002","2022-09-19 13:25:33",NULL,NULL,NULL,NULL
"Adplast MB Branco WE8625ES-S4","RMWH00000000117","22363974",350.0,"KG","E012209CHG00000417","2022-09-17 21:37:23",NULL,NULL,NULL,NULL
"Adplast MB PPA AMF001PE-S4","RAPPA0000000137","50370322",75.0,"KG","E012209CHG00000416","2022-09-17 21:36:59","RAPPA0000000137","2022-09-20 16:48:24",NULL,"OFF-E0122/00346,OFF-E0122/00347,OFF-E0122/00348,OFF-E0122/00349"
"Adplast MB AOX AO05LLDPE-S4","RAAOX0000000138","504777922",75.0,"KG","E012209CHG00000415","2022-09-17 21:36:10",NULL,NULL,NULL,NULL
"PP 621P ","RPP620900000035","949A386362",175.0,"KG","E012209CHG00000384","2022-09-16 21:11:42",NULL,NULL,NULL,NULL
"Adplast MB Branco WE8625ES-S4","RMWH00000000117","22363974",350.0,"KG","E012209CHG00000383","2022-09-16 21:03:04","RMWH00000000117","2022-09-20 16:47:01",NULL,"OFF-E0122/00346,OFF-E0122/00347,OFF-E0122/00348,OFF-E0122/00349"
"Adplast MB PPA AMF001PE-S4","RAPPA0000000137","50370322",75.0,"KG","E012209CHG00000364","2022-09-15 22:22:26",NULL,NULL,NULL,NULL
"Adplast MB AOX AO05LLDPE-S4","RAAOX0000000138","504777922",75.0,"KG","E012209CHG00000363","2022-09-15 22:22:07",NULL,NULL,NULL,NULL
"Adplast MB Branco WE8625ES-S4","RMWH00000000117","22363974",125.0,"KG","E012209CHG00000355","2022-09-14 22:51:04",NULL,NULL,NULL,NULL
"PP 621P ","RPP620900000035","949A386362",175.0,"KG","E012209CHG00000345","2022-09-14 15:46:18",NULL,NULL,NULL,NULL
"Adplast MB PPA AMF001PE-S4","RAPPA0000000137","50370322",75.0,"KG","E012209CHG00000337","2022-09-13 22:01:57",NULL,NULL,NULL,NULL
"Adplast MB AOX AO05LLDPE-S4","RAAOX0000000138","504777922",75.0,"KG","E012209CHG00000336","2022-09-13 22:01:41",NULL,NULL,NULL,NULL
"Adplast MB PPA AMF001PE-S4","RAPPA0000000137","50370322",75.0,"KG","E012209CHG00000283","2022-09-11 20:37:00",NULL,NULL,NULL,NULL
"Adplast MB AOX AO05LLDPE-S4","RAAOX0000000138","504777922",75.0,"KG","E012209CHG00000282","2022-09-11 20:24:53",NULL,NULL,NULL,NULL
"PP 621P ","RPP620900000035","949A386362",175.0,"KG","E012209CHG00000269","2022-09-11 14:32:54",NULL,NULL,NULL,NULL
"Adplast MB PPA AMF001PE-S4","RAPPA0000000137","50370322",75.0,"KG","E012209CHG00000224","2022-09-09 21:53:55",NULL,NULL,NULL,NULL
"Adplast MB AOX AO05LLDPE-S4","RAAOX0000000138","504777922",75.0,"KG","E012209CHG00000223","2022-09-09 21:50:22",NULL,NULL,NULL,NULL
"PP 621P ","RPP620900000035","949A386362",175.0,"KG","E012209CHG00000199","2022-09-09 08:19:22",NULL,NULL,NULL,NULL
"PP 621P ","RPP620900000035","949A386362",175.0,"KG","E012209CHG00000158","2022-09-07 14:03:48",NULL,NULL,NULL,NULL
"Adplast MB AOX AO05LLDPE-S4","RAAOX0000000138","504777922",50.0,"KG","E012209CHG00000157","2022-09-07 13:17:25",NULL,NULL,NULL,NULL
"Adplast MB AOX AO05LLDPE-S4","RAAOX0000000138","504777922",75.0,"KG","E012209CHG00000097","2022-09-05 07:44:53",NULL,NULL,NULL,NULL
"PP 621P ","RPP620900000035","949A386362",175.0,"KG","E012209CHG00000096","2022-09-05 07:40:22",NULL,NULL,NULL,NULL
"Adplast MB AOX AO05LLDPE-S4","RAAOX0000000138","504777922",75.0,"KG","E012209CHG00000044","2022-09-02 22:33:31",NULL,NULL,NULL,NULL
"PP 621P ","RPP620900000035","949A386362",175.0,"KG","E012209CHG00000042","2022-09-02 22:32:58",NULL,NULL,NULL,NULL
"Adplast MB AOX AO05LLDPE-S4","RAAOX0000000138","504777922",75.0,"KG","E012208CHG00000764","2022-08-31 07:57:27",NULL,NULL,NULL,NULL
"PP 621P ","RPP620900000035","949A386362",175.0,"KG","E012208CHG00000725","2022-08-29 22:37:20",NULL,NULL,NULL,NULL
"Adplast MB AOX AO05LLDPE-S4","RAAOX0000000138","504777922",75.0,"KG","E012208CHG00000702","2022-08-28 22:37:37",NULL,NULL,NULL,NULL
"PP 621P ","RPP620900000035","949A386362",175.0,"KG","E012208CHG00000686","2022-08-28 12:52:44",NULL,NULL,NULL,NULL
"Adplast MB AOX AO05LLDPE-S4","RAAOX0000000138","504777922",75.0,"KG","E012208CHG00000646","2022-08-26 17:14:46",NULL,NULL,NULL,NULL
"PP 621P ","RPP620900000035","949A386362",175.0,"KG","E012208CHG00000645","2022-08-26 17:07:41",NULL,NULL,NULL,NULL
"PP 621P ","RPP620900000035","949A386362",175.0,"KG","E012208CHG00000629","2022-08-25 22:03:21",NULL,NULL,NULL,NULL
"PP 621P ","RPP620900000035","949A386362",175.0,"KG","E012208CHG00000603","2022-08-24 21:45:28",NULL,NULL,NULL,NULL
"Adplast MB AOX AO05LLDPE-S4","RAAOX0000000138","504777922",75.0,"KG","E012208CHG00000592","2022-08-24 18:06:48",NULL,NULL,NULL,NULL
"Process Aid ADT AP L068","RAPRA0000000078","A221166",50.0,"KG","E012208CHG00000518","2022-08-21 08:22:26",NULL,NULL,NULL,NULL
"Flexaco Anti-Block FL-AAB003","R00000000000082","0502018768",475.0,"KG","E012208CHG00000483","2022-08-19 09:31:37",NULL,NULL,NULL,NULL
"PP 621P ","RPP620900000035","949A386362",175.0,"KG","E012208CHG00000470","2022-08-18 22:36:30",NULL,NULL,NULL,NULL
"Process Aid ADT AP L068","RAPRA0000000078","A221166",75.0,"KG","E012208CHG00000469","2022-08-18 22:35:57",NULL,NULL,NULL,NULL
"PP 621P ","RPP620900000035","949A386362",175.0,"KG","E012208CHG00000420","2022-08-16 22:29:17",NULL,NULL,NULL,NULL
"Process Aid ADT AP L068","RAPRA0000000078","A221166",75.0,"KG","E012208CHG00000406","2022-08-16 07:37:50",NULL,NULL,NULL,NULL
"Process Aid ADT AP L068","RAPRA0000000078","A221166",75.0,"KG","E012208CHG00000352","2022-08-13 09:25:54",NULL,NULL,NULL,NULL
"PP 621P ","RPP620900000035","949A386362",175.0,"KG","E012208CHG00000339","2022-08-12 21:48:50",NULL,NULL,NULL,NULL
"Process Aid ADT AP L068","RAPRA0000000078","A221166",75.0,"KG","E012208CHG00000282","2022-08-10 22:28:11",NULL,NULL,NULL,NULL
"PP 621P ","RPP620900000035","949A386362",175.0,"KG","E012208CHG00000280","2022-08-10 22:22:19",NULL,NULL,NULL,NULL
"Process Aid ADT AP L068","RAPRA0000000078","A221166",75.0,"KG","E012208CHG00000228","2022-08-08 16:59:28",NULL,NULL,NULL,NULL
"Process Aid ADT AP L068","RAPRA0000000078","A221166",75.0,"KG","E012208CHG00000167","2022-08-06 14:58:41",NULL,NULL,NULL,NULL
"Process Aid ADT AP L068","RAPRA0000000078","A221166",75.0,"KG","E012208CHG00000071","2022-08-03 14:26:22",NULL,NULL,NULL,NULL
"Process Aid ADT AP L068","RAPRA0000000078","A221166",75.0,"KG","E012207CHG00000971","2022-07-31 22:45:35",NULL,NULL,NULL,NULL
"Process Aid ADT AP L068","RAPRA0000000078","A221166",75.0,"KG","E012207CHG00000905","2022-07-29 14:55:28",NULL,NULL,NULL,NULL
"PP 621P ","RPP620900000035","949A386362",25.0,"KG","E012207CHG00000872","2022-07-27 22:23:51",NULL,NULL,NULL,NULL
"Process Aid ADT AP L068","RAPRA0000000078","A221166",75.0,"KG","E012207CHG00000858","2022-07-27 15:34:49",NULL,NULL,NULL,NULL
"Process Aid ADT AP L068","RAPRA0000000078","A221166",75.0,"KG","E012207CHG00000805","2022-07-25 08:12:23",NULL,NULL,NULL,NULL
"PP 621P ","RPP620900000035","949A386362",175.0,"KG","E012207CHG00000803","2022-07-25 07:54:53",NULL,NULL,NULL,NULL
"PP 621P ","RPP620900000035","949A386362",175.0,"KG","E012207CHG00000685","2022-07-19 22:53:06",NULL,NULL,NULL,NULL
"Process Aid ADT AP L068","RAPRA0000000078","A221166",75.0,"KG","E012207CHG00000646","2022-07-18 22:38:28",NULL,NULL,NULL,NULL
"PP 621P ","RPP620900000035","949A386362",175.0,"KG","E012207CHG00000583","2022-07-17 16:36:34",NULL,NULL,NULL,NULL
"Process Aid ADT AP L068","RAPRA0000000078","A221166",75.0,"KG","E012207CHG00000556","2022-07-16 18:54:33",NULL,NULL,NULL,NULL
"PP 621P ","RPP620900000035","949A386362",175.0,"KG","E012207CHG00000554","2022-07-16 18:44:08",NULL,NULL,NULL,NULL
"PP 621P ","RPP620900000035","949A386362",175.0,"KG","E012207CHG00000538","2022-07-16 09:43:20",NULL,NULL,NULL,NULL
"Process Aid ADT AP L068","RAPRA0000000078","A221166",75.0,"KG","E012207CHG00000477","2022-07-14 16:17:39",NULL,NULL,NULL,NULL
"PP 621P ","RPP620900000035","949A386362",175.0,"KG","E012207CHG00000476","2022-07-14 15:44:57",NULL,NULL,NULL,NULL
"PP 621P ","RPP620900000035","949A386362",175.0,"KG","E012207CHG00000450","2022-07-13 18:13:23",NULL,NULL,NULL,NULL
"Adplast MB AOX AO05LLDPE-S4","RAAOX0000000138","504777922",75.0,"KG","E012207CHG00000425","2022-07-12 22:32:52",NULL,NULL,NULL,NULL
"Adplast MB AOX AO05LLDPE-S4","RAAOX0000000138","504777922",75.0,"KG","E012207CHG00000378","2022-07-11 22:51:11",NULL,NULL,NULL,NULL
"PP 621P ","RPP620900000035","949A386362",175.0,"KG","E012207CHG00000376","2022-07-11 22:50:00",NULL,NULL,NULL,NULL
"PP 621P ","RPP620900000035","949A386362",1375.0,"KG","E012207CHG00000308","2022-07-09 21:50:33",NULL,NULL,NULL,NULL
"Adplast MB AOX AO05LLDPE-S4","RAAOX0000000138","504777922",75.0,"KG","E012207CHG00000302","2022-07-09 14:29:34",NULL,NULL,NULL,NULL
"PP 621P ","RPP620900000035","949A386362",175.0,"KG","E012207CHG00000270","2022-07-08 18:44:54",NULL,NULL,NULL,NULL
"Adplast MB AOX AO05LLDPE-S4","RAAOX0000000138","504777922",75.0,"KG","E012207CHG00000268","2022-07-08 18:34:21",NULL,NULL,NULL,NULL
"PP 621P ","RPP620900000035","949A386362",175.0,"KG","E012207CHG00000236","2022-07-07 20:32:49",NULL,NULL,NULL,NULL
"Adplast MB AOX AO05LLDPE-S4","RAAOX0000000138","504777922",75.0,"KG","E012207CHG00000203","2022-07-06 22:28:09",NULL,NULL,NULL,NULL
"PP 621P ","RPP620900000035","949A386362",175.0,"KG","E012207CHG00000201","2022-07-06 22:19:25",NULL,NULL,NULL,NULL
"PP 621P ","RPP620900000035","949A386362",175.0,"KG","E012207CHG00000157","2022-07-05 22:21:44",NULL,NULL,NULL,NULL
"Adplast MB AOX AO05LLDPE-S4","RAAOX0000000138","504777922",75.0,"KG","E012207CHG00000135","2022-07-04 20:50:09",NULL,NULL,NULL,NULL
"PP 621P ","RPP620900000035","949A386362",175.0,"KG","E012207CHG00000116","2022-07-04 14:14:48",NULL,NULL,NULL,NULL
"Adplast MB AOX AO05LLDPE-S4","RAAOX0000000138","504777922",75.0,"KG","E012207CHG00000082","2022-07-03 13:51:07",NULL,NULL,NULL,NULL
"PP 621P ","RPP620900000035","949A386362",175.0,"KG","E012207CHG00000015","2022-07-01 15:38:35",NULL,NULL,NULL,NULL
"Adplast MB AOX AO05LLDPE-S4","RAAOX0000000138","504777922",75.0,"KG","E012207CHG00000014","2022-07-01 15:29:40",NULL,NULL,NULL,NULL
"PP 621P ","RPP620900000035","949A386362",175.0,"KG","E012206CHG00000778","2022-06-30 21:31:26",NULL,NULL,NULL,NULL
"Adplast MB AOX AO05LLDPE-S4","RAAOX0000000138","504777922",75.0,"KG","E012206CHG00000730","2022-06-29 15:25:56",NULL,NULL,NULL,NULL
"PP 621P ","RPP620900000035","949A386362",175.0,"KG","E012206CHG00000728","2022-06-29 15:21:36",NULL,NULL,NULL,NULL
"PP 621P ","RPP620900000035","949A386362",175.0,"KG","E012206CHG00000700","2022-06-28 13:09:28",NULL,NULL,NULL,NULL
"Adplast MB AOX AO05LLDPE-S4","RAAOX0000000138","504777922",75.0,"KG","E012206CHG00000683","2022-06-27 22:08:59",NULL,NULL,NULL,NULL
"PP 621P ","RPP620900000035","949A386362",175.0,"KG","E012206CHG00000670","2022-06-27 08:08:21",NULL,NULL,NULL,NULL
"PP 621P ","RPP620900000035","949A386362",175.0,"KG","E012206CHG00000607","2022-06-25 19:51:49",NULL,NULL,NULL,NULL
"TPE Cabopol Lacoflex CHM91-0000-50 ","RSEBS0000000139","2219514",900.0,"KG","E012206CHG00000480","2022-06-21 17:53:13",NULL,NULL,NULL,NULL
"Versify 2400","RVMAX0862000083","F341J6R011",250.0,"KG","E012206CHG00000447","2022-06-20 14:40:42",NULL,NULL,NULL,NULL
"Versify 2400","RVMAX0862000083","F341J6R011",250.0,"KG","E012206CHG00000446","2022-06-20 12:15:27",NULL,NULL,NULL,NULL
"Versify 2400","RVMAX0862000083","F341J6R011",400.0,"KG","E012206CHG00000230","2022-06-10 19:35:26",NULL,NULL,NULL,NULL
"Versify 2400","RVMAX0862000083","F341J6R011",1100.0,"KG","E012206CHG00000207","2022-06-09 22:41:33",NULL,NULL,NULL,NULL
"Versify 3401","RVMAX0862000084","F341M13013",200.0,"KG","E012203CHG00000573","2022-03-24 10:06:31",NULL,NULL,NULL,NULL
"Versify 3401","RVMAX0862000084","F341M13013",100.0,"KG","E012203CHG00000196","2022-03-09 09:59:42",NULL,NULL,NULL,NULL
"Hexpol Dryflex UV 453045","RSEBS0000000114","F000208810",850.0,"KG","E012203CHG00000010","2022-03-01 17:56:15",NULL,NULL,NULL,NULL
"IsoAdditive CLEAN L058","R00000000000103","A202131",650.0,"KG","E012202CHG00000692","2022-02-24 23:03:41",NULL,NULL,NULL,NULL
"Ravago AG2504T","RKRTG0910000090","0B406240",1000.0,"KG","E012201CHG00000231","2022-01-13 09:24:04",NULL,NULL,NULL,NULL
"IsoAdditive CLEAN L058","R00000000000103","A202131",1250.0,"KG","E012112CHG00000479","2021-12-18 01:16:14",NULL,NULL,NULL,NULL
"Flexaco Anti-Block FL-AAB003","R00000000000082","0502018768",25.0,"KG","E012111CHG00000300","2021-11-15 08:56:54",NULL,NULL,NULL,NULL
"Flexaco Anti-Block FL-AAB003","R00000000000082","0502018768",25.0,"KG","E012111CHG00000178","2021-11-08 21:22:20",NULL,NULL,NULL,NULL
"Flexaco Anti-Block FL-AAB003","R00000000000082","0502018768",25.0,"KG","E012111CHG00000105","2021-11-05 22:59:19",NULL,NULL,NULL,NULL
"Flexaco Anti-Block FL-AAB003","R00000000000082","0502018768",25.0,"KG","E012107CHG00000255","2021-07-11 14:22:49",NULL,NULL,NULL,NULL
"Flexaco Anti-Block FL-AAB003","R00000000000082","0502018768",25.0,"KG","E012107CHG00000118","2021-07-05 11:44:54",NULL,NULL,NULL,NULL
"Flexaco Anti-Block FL-AAB003","R00000000000082","0502018768",25.0,"KG","E012105CHG00000847","2021-05-31 15:04:04",NULL,NULL,NULL,NULL
