"ITMDES1_0","ITMREF_0","LOT_0","qtypcu_0","PCU_0","VCRNUM_0","CREDATTIM_0","matprima_cod","data_entrada_lote","data_saida_lote","diff","ofs"
"TPE Cabopol Lacoflex CHM91-0000-PIR03 ","RSEBS0000000142","22313913",900.0,"KG","E012210CHG00000563","2022-10-20 15:33:45",NULL,NULL,NULL,NULL,NULL
"PP 621P ","RPP620900000035","949A386362",175.0,"KG","E012210CHG00000558","2022-10-20 13:22:02",NULL,NULL,NULL,NULL,NULL
"Vistamaxx 6202","RVMAX0863000012","VM6202V22041402AB50268",650.0,"KG","E012210CHG00000557","2022-10-20 12:41:30",NULL,NULL,NULL,NULL,NULL
"Vistamaxx 6102","RVMAX0862000013","VM6102V22030103AB50329",650.0,"KG","E012210CHG00000552","2022-10-20 08:40:50","RVMAX0862000013","2022-10-20 11:12:05",NULL,NULL,"OFF-E0122/00383,OFF-E0122/00387"
"TPE Cabopol Lacoflex CHM91-0000-PIR03 ","RSEBS0000000142","22313922",900.0,"KG","E012210CHG00000551","2022-10-19 21:50:36","RSEBS0000000142","2022-10-20 08:38:29",NULL,NULL,"OFF-E0122/00383,OFF-E0122/00387"
"Vistamaxx 6102","RVMAX0862000013","VM6102V21113001AB5030",650.0,"KG","E012210CHG00000550","2022-10-19 21:50:28","RVMAX0862000013","2022-10-20 03:21:21","2022-10-20 11:11:55",470,"OFF-E0122/00383,OFF-E0122/00387"
"TPE Cabopol Lacoflex CHM91-0000-PIR03 ","RSEBS0000000142","22313924",900.0,"KG","E012210CHG00000549","2022-10-19 21:39:29","RSEBS0000000142","2022-10-19 23:42:48","2022-10-20 08:37:29",534,"OFF-E0122/00382,OFF-E0122/00381,OFF-E0122/00380,OFF-E0122/00379"
"Reciclado Elastictek","R00000000000001","20220918-01",755.0,"KG","E012210CHG00000540","2022-10-19 17:44:14","R00000000000001","2022-10-20 01:33:29","2022-10-20 10:29:48",536,"OFF-E0122/00383,OFF-E0122/00387"
"Reciclado Elastictek","R00000000000001","20220917-03",784.0,"KG","E012210CHG00000539","2022-10-19 17:43:56",NULL,NULL,NULL,NULL,NULL
"Vistamaxx 6102","RVMAX0862000013","VM6102V21113001AB5023",650.0,"KG","E012210CHG00000538","2022-10-19 17:30:56","RVMAX0862000013","2022-10-19 21:08:20","2022-10-20 03:20:17",371,"OFF-E0122/00382,OFF-E0122/00381,OFF-E0122/00380,OFF-E0122/00379"
"Adplast MB Branco WE8625ES-S4","RMWH00000000117","22363974",350.0,"KG","E012210CHG00000525","2022-10-19 17:02:31","RMWH00000000117","2022-10-20 15:35:20",NULL,NULL,"OFF-E0122/00383,OFF-E0122/00387"
"TPE Cabopol Lacoflex CHM91-0000-PIR03 ","RSEBS0000000142","2231613",900.0,"KG","E012210CHG00000520","2022-10-19 13:17:11","RSEBS0000000142","2022-10-19 14:23:50","2022-10-19 23:41:02",557,"OFF-E0122/00382,OFF-E0122/00381,OFF-E0122/00380,OFF-E0122/00379"
"Vistamaxx 6102","RVMAX0862000013","VM6102V21113001AB501",650.0,"KG","E012210CHG00000519","2022-10-19 11:17:05","RVMAX0862000013","2022-10-19 12:27:12","2022-10-19 21:06:47",519,"OFF-E0122/00382,OFF-E0122/00381,OFF-E0122/00380,OFF-E0122/00379"
"Vistamaxx 6202","RVMAX0863000012","VM6202V22041402AB50135",650.0,"KG","E012210CHG00000518","2022-10-18 22:39:23","RVMAX0863000012","2022-10-19 10:36:58",NULL,NULL,"OFF-E0122/00382,OFF-E0122/00381,OFF-E0122/00380,OFF-E0122/00379"
"Vistamaxx 6102","RVMAX0862000013","VM6102V21113001AB5031",650.0,"KG","E012210CHG00000517","2022-10-18 22:26:52","RVMAX0862000013","2022-10-19 05:56:08","2022-10-19 12:26:51",390,"OFF-E0122/00382,OFF-E0122/00381,OFF-E0122/00380,OFF-E0122/00379"
"TPE Cabopol Lacoflex CHM91-0000-PIR03 ","RSEBS0000000142","22313911",900.0,"KG","E012210CHG00000516","2022-10-18 22:26:09","RSEBS0000000142","2022-10-19 06:07:17","2022-10-19 14:23:21",496,"OFF-E0122/00382,OFF-E0122/00381,OFF-E0122/00380,OFF-E0122/00379"
"TPE Cabopol Lacoflex CHM91-0000-PIR03 ","RSEBS0000000142","2231619",900.0,"KG","E012210CHG00000512","2022-10-18 20:16:30","RSEBS0000000142","2022-10-18 22:13:03","2022-10-19 06:06:59",473,"OFF-E0122/00382,OFF-E0122/00381,OFF-E0122/00380,OFF-E0122/00379"
"Vistamaxx 6102","RVMAX0862000013","VM6102V21113001AB5054",650.0,"KG","E012210CHG00000511","2022-10-18 19:48:00","RVMAX0862000013","2022-10-18 22:36:25","2022-10-19 05:55:47",439,"OFF-E0122/00382,OFF-E0122/00381,OFF-E0122/00380,OFF-E0122/00379"
"ADT AOX L075","RAAOX0000000080","A220570",75.0,"KG","E012210CHG00000510","2022-10-18 17:58:42",NULL,NULL,NULL,NULL,NULL
"Process Aid ADT AP L068","RAPRA0000000078","A221166",75.0,"KG","E012210CHG00000509","2022-10-18 17:58:30",NULL,NULL,NULL,NULL,NULL
"TPE Cabopol Lacoflex CHM91-0000-PIR03 ","RSEBS0000000142","22313917",900.0,"KG","E012210CHG00000500","2022-10-18 12:37:04","RSEBS0000000142","2022-10-18 13:57:07","2022-10-18 22:12:35",495,"OFF-E0122/00382,OFF-E0122/00381,OFF-E0122/00380,OFF-E0122/00379"
"Vistamaxx 6102","RVMAX0862000013","VM6102V21113001AB5026",650.0,"KG","E012210CHG00000499","2022-10-18 12:30:17","RVMAX0862000013","2022-10-18 14:02:15","2022-10-18 22:13:27",491,"OFF-E0122/00382,OFF-E0122/00381,OFF-E0122/00380,OFF-E0122/00379"
"Reciclado Elastictek","R00000000000001","20220919-01",758.0,"KG","E012210CHG00000490","2022-10-18 09:21:52","R00000000000001","2022-10-20 10:36:53",NULL,NULL,"OFF-E0122/00383,OFF-E0122/00387"
"Reciclado Elastictek","R00000000000001","20220915-02",733.0,"KG","E012210CHG00000489","2022-10-18 09:21:21","R00000000000001","2022-10-19 09:38:25","2022-10-20 01:32:30",954,"OFF-E0122/00382,OFF-E0122/00381,OFF-E0122/00380,OFF-E0122/00379"
"TPE Cabopol Lacoflex CHM91-0000-PIR03 ","RSEBS0000000142","22313912",900.0,"KG","E012210CHG00000488","2022-10-17 22:48:38","RSEBS0000000142","2022-10-18 06:30:59","2022-10-18 13:56:35",445,"OFF-E0122/00382,OFF-E0122/00381,OFF-E0122/00380,OFF-E0122/00379"
"Vistamaxx 6102","RVMAX0862000013","VM6102V21122502AB50106",650.0,"KG","E012210CHG00000481","2022-10-17 22:20:03","RVMAX0862000013","2022-10-18 00:34:32","2022-10-18 06:39:47",365,"OFF-E0122/00382,OFF-E0122/00381,OFF-E0122/00380,OFF-E0122/00379"
"Vistamaxx 6102","RVMAX0862000013","VM6102V21122502AB50155",650.0,"KG","E012210CHG00000480","2022-10-17 22:19:05","RVMAX0862000013","2022-10-18 06:40:02","2022-10-18 13:59:36",439,"OFF-E0122/00382,OFF-E0122/00381,OFF-E0122/00380,OFF-E0122/00379"
"Vistamaxx 6202","RVMAX0863000012","VM6202V22041402AB50184",650.0,"KG","E012210CHG00000479","2022-10-17 22:18:07","RVMAX0863000012","2022-10-18 00:34:00","2022-10-19 10:36:37",2042,"OFF-E0122/00382,OFF-E0122/00381,OFF-E0122/00380,OFF-E0122/00379"
"Adplast MB Branco WE8625ES-S4","RMWH00000000117","22363974",400.0,"KG","E012210CHG00000467","2022-10-17 07:45:23","RMWH00000000117","2022-10-19 04:34:02","2022-10-20 15:34:54",2100,"OFF-E0122/00382,OFF-E0122/00381,OFF-E0122/00380,OFF-E0122/00379"
"Reciclado Elastictek","R00000000000001","20220920-01",746.0,"KG","E012210CHG00000466","2022-10-17 07:24:33","R00000000000001","2022-10-18 17:37:06","2022-10-19 09:38:11",961,"OFF-E0122/00382,OFF-E0122/00381,OFF-E0122/00380,OFF-E0122/00379"
"Reciclado Elastictek","R00000000000001","20220918-02",785.0,"KG","E012210CHG00000465","2022-10-17 07:24:14","R00000000000001","2022-10-18 07:29:34","2022-10-18 17:36:52",607,"OFF-E0122/00382,OFF-E0122/00381,OFF-E0122/00380,OFF-E0122/00379"
"Reciclado Elastictek","R00000000000001","20220919-02",822.0,"KG","E012210CHG00000464","2022-10-17 07:21:32","R00000000000001","2022-10-17 08:29:52","2022-10-18 07:29:22",1379,"OFF-E0122/00382,OFF-E0122/00381,OFF-E0122/00380,OFF-E0122/00379"
"Vistamaxx 6102","RVMAX0862000013","VM6102V21122502AB506",650.0,"KG","E012210CHG00000463","2022-10-16 22:09:50","RVMAX0862000013","2022-10-17 03:30:58","2022-10-17 17:42:22",851,"OFF-E0122/00382,OFF-E0122/00381,OFF-E0122/00380,OFF-E0122/00379"
"Vistamaxx 6102","RVMAX0862000013","VM6102V21122502AB5020",650.0,"KG","E012210CHG00000462","2022-10-16 22:09:41","RVMAX0862000013","2022-10-17 17:42:45","2022-10-18 00:34:19",411,"OFF-E0122/00386"
"TPE Cabopol Lacoflex CHM91-0000-PIR03 ","RSEBS0000000142","2231612",900.0,"KG","E012210CHG00000461","2022-10-16 22:09:32","RSEBS0000000142","2022-10-17 04:27:17","2022-10-17 19:45:37",918,"OFF-E0122/00382,OFF-E0122/00381,OFF-E0122/00380,OFF-E0122/00379"
"TPE Cabopol Lacoflex CHM91-0000-PIR03 ","RSEBS0000000142","22313914",900.0,"KG","E012210CHG00000460","2022-10-16 22:09:24","RSEBS0000000142","2022-10-17 19:45:49","2022-10-18 06:29:14",643,"OFF-E0122/00386"
"Reciclado Elastictek","R00000000000001","20220920-02",784.0,"KG","E012210CHG00000459","2022-10-16 21:49:47","R00000000000001","2022-10-17 07:10:48","2022-10-17 08:22:04",71,"OFF-E0122/00382,OFF-E0122/00381,OFF-E0122/00380,OFF-E0122/00379"
"Vistamaxx 6202","RVMAX0863000012","VM6202V22041402AB50139",650.0,"KG","E012210CHG00000458","2022-10-16 21:44:32","RVMAX0863000012","2022-10-17 00:09:53","2022-10-18 00:33:42",1463,"OFF-E0122/00382,OFF-E0122/00381,OFF-E0122/00380,OFF-E0122/00379"
"TPE Cabopol Lacoflex CHM91-0000-PIR03 ","RSEBS0000000142","22313915",900.0,"KG","E012210CHG00000448","2022-10-16 18:20:08","RSEBS0000000142","2022-10-16 21:46:24","2022-10-17 04:26:56",400,"OFF-E0122/00382,OFF-E0122/00381,OFF-E0122/00380,OFF-E0122/00379"
"Vistamaxx 6102","RVMAX0862000013","VM6102V21121503AB501",650.0,"KG","E012210CHG00000447","2022-10-16 18:01:40","RVMAX0862000013","2022-10-16 21:47:30","2022-10-17 03:30:35",343,"OFF-E0122/00382,OFF-E0122/00381,OFF-E0122/00380,OFF-E0122/00379"
"ADT AOX L075","RAAOX0000000080","A220570",75.0,"KG","E012210CHG00000445","2022-10-16 07:40:48","RAAOX0000000080","2022-10-18 15:13:45","2022-10-20 16:00:18",2926,"OFF-E0122/00382,OFF-E0122/00381,OFF-E0122/00380,OFF-E0122/00379"
"Process Aid ADT AP L068","RAPRA0000000078","A221166",75.0,"KG","E012210CHG00000444","2022-10-16 07:40:34","RAPRA0000000078","2022-10-18 15:12:58","2022-10-20 16:00:07",2927,"OFF-E0122/00382,OFF-E0122/00381,OFF-E0122/00380,OFF-E0122/00379"
"Reciclado Elastictek","R00000000000001","20220915-01",769.0,"KG","E012210CHG00000435","2022-10-15 22:48:46","R00000000000001","2022-10-16 11:10:59","2022-10-17 06:48:47",1177,"OFF-E0122/00382,OFF-E0122/00381,OFF-E0122/00380,OFF-E0122/00379"
"Vistamaxx 6102","RVMAX0862000013","VM6102V21112902AB50141",650.0,"KG","E012210CHG00000433","2022-10-15 22:36:32","RVMAX0862000013","2022-10-16 14:40:32","2022-10-16 21:46:37",426,"OFF-E0122/00382,OFF-E0122/00381,OFF-E0122/00380,OFF-E0122/00379"
"Vistamaxx 6102","RVMAX0862000013","VM6102V22050403AB50278",650.0,"KG","E012210CHG00000432","2022-10-15 22:36:22","RVMAX0862000013","2022-10-16 04:43:28","2022-10-16 14:40:13",596,"OFF-E0122/00382,OFF-E0122/00381,OFF-E0122/00380,OFF-E0122/00379"
"TPE Cabopol Lacoflex CHM91-0000-PIR03 ","RSEBS0000000142","2231618",900.0,"KG","E012210CHG00000431","2022-10-15 22:36:14","RSEBS0000000142","2022-10-16 11:11:44","2022-10-16 21:45:27",633,"OFF-E0122/00382,OFF-E0122/00381,OFF-E0122/00380,OFF-E0122/00379"
"TPE Cabopol Lacoflex CHM91-0000-PIR03 ","RSEBS0000000142","2231396",900.0,"KG","E012210CHG00000430","2022-10-15 22:36:05","RSEBS0000000142","2022-10-16 02:48:34","2022-10-16 11:11:15",502,"OFF-E0122/00382,OFF-E0122/00381,OFF-E0122/00380,OFF-E0122/00379"
"Vistamaxx 6102","RVMAX0862000013","VM6102V22050403AB50284",650.0,"KG","E012210CHG00000424","2022-10-15 18:30:34","RVMAX0862000013","2022-10-15 21:31:06","2022-10-16 04:43:08",432,"OFF-E0122/00382,OFF-E0122/00381,OFF-E0122/00380,OFF-E0122/00379"
"Vistamaxx 6202","RVMAX0863000012","VM6202V22041402AB50144",650.0,"KG","E012210CHG00000423","2022-10-15 14:23:44","RVMAX0863000012","2022-10-15 23:08:37","2022-10-17 00:08:13",1499,"OFF-E0122/00382,OFF-E0122/00381,OFF-E0122/00380,OFF-E0122/00379"
"Adplast MB Branco WE8625ES-S4","RMWH00000000117","22363974",350.0,"KG","E012210CHG00000422","2022-10-15 14:15:59","RMWH00000000117","2022-10-17 02:14:31","2022-10-19 04:33:40",3019,"OFF-E0122/00382,OFF-E0122/00381,OFF-E0122/00380,OFF-E0122/00379"
"Reciclado Elastictek","R00000000000001","20220914-02",730.0,"KG","E012210CHG00000416","2022-10-15 11:05:45","R00000000000001","2022-10-15 20:57:47","2022-10-16 11:10:31",852,"OFF-E0122/00382,OFF-E0122/00381,OFF-E0122/00380,OFF-E0122/00379"
"Vistamaxx 6102","RVMAX0862000013","VM6102V21122502AB50254",650.0,"KG","E012210CHG00000413","2022-10-14 22:23:59","RVMAX0862000013","2022-10-15 15:12:58","2022-10-15 21:30:48",377,"OFF-E0122/00382,OFF-E0122/00381,OFF-E0122/00380,OFF-E0122/00379"
"Vistamaxx 6102","RVMAX0862000013","VM6102V21121503AB50165",650.0,"KG","E012210CHG00000412","2022-10-14 22:23:51","RVMAX0862000013","2022-10-15 04:53:35","2022-10-15 15:08:46",615,"OFF-E0122/00385"
"TPE Cabopol Lacoflex CHM91-0000-PIR03 ","RSEBS0000000142","2231616",900.0,"KG","E012210CHG00000411","2022-10-14 22:23:42","RSEBS0000000142","2022-10-15 04:53:15","2022-10-15 15:59:07",665,"OFF-E0122/00385"
"TPE Cabopol Lacoflex CHM91-0000-PIR03 ","RSEBS0000000142","22316111",900.0,"KG","E012210CHG00000410","2022-10-14 22:23:34","RSEBS0000000142","2022-10-15 15:59:36","2022-10-16 02:48:18",648,"OFF-E0122/00382,OFF-E0122/00381,OFF-E0122/00380,OFF-E0122/00379"
"Reciclado Elastictek","R00000000000001","20220917-02",782.0,"KG","E012210CHG00000407","2022-10-14 22:22:56","R00000000000001","2022-10-15 04:00:40","2022-10-15 20:57:07",1016,"OFF-E0122/00385"
"Reciclado Elastictek","R00000000000001","20220913-02",751.0,"KG","E012210CHG00000406","2022-10-14 22:22:36",NULL,NULL,NULL,NULL,NULL
"Vistamaxx 6102","RVMAX0862000013","VM6102V21122502AB50151",650.0,"KG","E012210CHG00000393","2022-10-14 16:56:10","RVMAX0862000013","2022-10-14 19:32:25","2022-10-15 04:51:03",558,"OFF-E0122/00385"
"TPE Cabopol Lacoflex CHM91-0000-PIR03 ","RSEBS0000000142","2231617",900.0,"KG","E012210CHG00000392","2022-10-14 16:50:18","RSEBS0000000142","2022-10-14 17:58:44","2022-10-15 04:51:16",652,"OFF-E0122/00385"
"Vistamaxx 6202","RVMAX0863000012","VM6202V22041402AB50309",650.0,"KG","E012210CHG00000391","2022-10-14 16:43:29","RVMAX0863000012","2022-10-14 17:54:34","2022-10-15 23:08:18",1753,"OFF-E0122/00385"
"Reciclado Elastictek","R00000000000001","20220917-01",729.0,"KG","E012210CHG00000390","2022-10-13 22:14:51","R00000000000001","2022-10-14 06:46:57","2022-10-14 15:35:07",528,"OFF-E0122/00385"
"Reciclado Elastictek","R00000000000001","20220916-02",763.0,"KG","E012210CHG00000389","2022-10-13 22:13:32","R00000000000001","2022-10-14 15:36:58","2022-10-15 04:00:26",743,"OFF-E0122/00385"
"TPE Cabopol Lacoflex CHM91-0000-PIR03 ","RSEBS0000000142","22313916",900.0,"KG","E012210CHG00000388","2022-10-13 22:13:07","RSEBS0000000142","2022-10-14 11:21:45","2022-10-14 17:58:11",396,"OFF-E0122/00385"
"Vistamaxx 6102","RVMAX0862000013","VM6102V21112902AB5050",650.0,"KG","E012210CHG00000387","2022-10-13 22:12:58","RVMAX0862000013","2022-10-14 12:40:56","2022-10-14 19:30:13",409,"OFF-E0122/00385"
"Vistamaxx 6102","RVMAX0862000013","VM6102V22050403AB50306",650.0,"KG","E012210CHG00000386","2022-10-13 22:12:49","RVMAX0862000013","2022-10-14 06:10:21","2022-10-14 12:40:20",389,"OFF-E0122/00385"
"TPE Cabopol Lacoflex CHM91-0000-PIR03 ","RSEBS0000000142","22316112",900.0,"KG","E012210CHG00000385","2022-10-13 22:05:10","RSEBS0000000142","2022-10-14 01:52:35","2022-10-14 11:21:16",568,"OFF-E0122/00385"
"PP 621P ","RPP620900000035","949A386362",175.0,"KG","E012210CHG00000384","2022-10-13 21:56:51","RPP620900000035","2022-10-20 10:03:30",NULL,NULL,"OFF-E0122/00383,OFF-E0122/00387"
"Adplast MB Branco WE8625ES-S4","RMWH00000000117","22363974",350.0,"KG","E012210CHG00000376","2022-10-13 20:48:45","RMWH00000000117","2022-10-15 15:11:26","2022-10-17 02:13:34",2102,"OFF-E0122/00382,OFF-E0122/00381,OFF-E0122/00380,OFF-E0122/00379"
"Adplast MB AOX AO05LLDPE-S4","RAAOX0000000138","504777922",75.0,"KG","E012210CHG00000375","2022-10-13 20:40:00","RAAOX0000000138","2022-10-16 07:51:13","2022-10-18 15:00:44",3309,"OFF-E0122/00382,OFF-E0122/00381,OFF-E0122/00380,OFF-E0122/00379"
"Adplast MB PPA AMF001PE-S4","RAPPA0000000137","50370322",75.0,"KG","E012210CHG00000374","2022-10-13 20:39:42","RAPPA0000000137","2022-10-16 07:50:32","2022-10-18 15:00:34",3310,"OFF-E0122/00382,OFF-E0122/00381,OFF-E0122/00380,OFF-E0122/00379"
"Vistamaxx 6102","RVMAX0862000013","VM6102V21122502AB50217",650.0,"KG","E012210CHG00000373","2022-10-13 18:08:08","RVMAX0862000013","2022-10-13 21:10:57","2022-10-14 06:10:07",539,"OFF-E0122/00377,OFF-E0122/00378"
"Reciclado Elastictek","R00000000000001","20220916-01",749.0,"KG","E012210CHG00000352","2022-10-12 22:13:00","R00000000000001","2022-10-13 16:57:51","2022-10-14 06:45:55",828,"OFF-E0122/00377,OFF-E0122/00378"
"Vistamaxx 6102","RVMAX0862000013","VM6102V21121503AB50125",650.0,"KG","E012210CHG00000351","2022-10-12 22:12:17","RVMAX0862000013","2022-10-13 06:23:39","2022-10-13 13:00:48",397,"OFF-E0122/00377,OFF-E0122/00378"
"Vistamaxx 6102","RVMAX0862000013","VM6102V21122502AB50253",650.0,"KG","E012210CHG00000350","2022-10-12 22:12:09","RVMAX0862000013","2022-10-13 13:02:28","2022-10-13 21:10:28",488,"OFF-E0122/00377,OFF-E0122/00378"
"TPE Cabopol Lacoflex CHM91-0000-PIR03 ","RSEBS0000000142","22316110",900.0,"KG","E012210CHG00000349","2022-10-12 22:12:01","RSEBS0000000142","2022-10-13 15:27:24","2022-10-14 01:52:17",624,"OFF-E0122/00377,OFF-E0122/00378"
"TPE Cabopol Lacoflex CHM91-0000-PIR03 ","RSEBS0000000142","22316113",900.0,"KG","E012210CHG00000348","2022-10-12 22:11:53","RSEBS0000000142","2022-10-13 06:25:21","2022-10-13 15:27:05",541,"OFF-E0122/00377,OFF-E0122/00378"
"Vistamaxx 6202","RVMAX0863000012","VM6202V22041402AB50284",650.0,"KG","E012210CHG00000347","2022-10-12 21:24:13","RVMAX0863000012","2022-10-13 15:29:56","2022-10-14 17:54:10",1584,"OFF-E0122/00377,OFF-E0122/00378"
"Vistamaxx 6102","RVMAX0862000013","VM6102V21122502AB50261",650.0,"KG","E012210CHG00000336","2022-10-12 18:15:45","RVMAX0862000013","2022-10-12 20:19:14","2022-10-13 06:23:16",604,"OFF-E0122/00377,OFF-E0122/00378"
"TPE Cabopol Lacoflex CHM91-0000-PIR03 ","RSEBS0000000142","22313921",900.0,"KG","E012210CHG00000335","2022-10-12 18:07:38","RSEBS0000000142","2022-10-12 19:19:44","2022-10-13 06:23:25",663,"OFF-E0122/00377,OFF-E0122/00378"
"TPE Ravago Ensoft SL-600-40A-A2-000 NATURAL","RSEBS0000000131","00586806269002568481",800.0,"KG","E012210CHG00000334","2022-10-12 14:07:36",NULL,NULL,NULL,NULL,NULL
"PP 621P ","RPP620900000035","949A386362",175.0,"KG","E012210CHG00000333","2022-10-12 13:38:38","RPP620900000035","2022-10-13 21:53:23","2022-10-20 10:03:09",9369,"OFF-E0122/00377,OFF-E0122/00378"
"Adplast MB Branco WE8625ES-S4","RMWH00000000117","22363974",150.0,"KG","E012210CHG00000332","2022-10-12 13:25:00",NULL,NULL,NULL,NULL,NULL
"Adplast MB Branco WE8625ES-S4","RMWH00000000117","22363974",200.0,"KG","E012210CHG00000331","2022-10-12 13:23:15","RMWH00000000117","2022-10-13 19:19:30","2022-10-15 15:09:04",2629,"OFF-E0122/00377,OFF-E0122/00378"
"Reciclado Elastictek","R00000000000001","20220909-01",708.0,"KG","E012210CHG00000314","2022-10-11 22:43:02","R00000000000001","2022-10-12 15:06:05","2022-10-13 02:45:53",699,"OFF-E0122/00377,OFF-E0122/00378"
"Reciclado Elastictek","R00000000000001","20220910-01",701.0,"KG","E012210CHG00000313","2022-10-11 22:42:30","R00000000000001","2022-10-13 02:47:45","2022-10-13 16:57:04",849,"OFF-E0122/00377,OFF-E0122/00378"
"Vistamaxx 6102","RVMAX0862000013","VM6102V21122502AB50231",650.0,"KG","E012210CHG00000310","2022-10-11 21:49:53","RVMAX0862000013","2022-10-12 08:20:56","2022-10-12 15:15:49",414,"OFF-E0122/00377,OFF-E0122/00378"
"Vistamaxx 6102","RVMAX0862000013","VM6102V21122502AB5024",650.0,"KG","E012210CHG00000309","2022-10-11 21:49:44","RVMAX0862000013","2022-10-12 15:16:03","2022-10-12 20:18:59",302,"OFF-E0122/00377,OFF-E0122/00378"
"TPE Cabopol Lacoflex CHM91-0000-PIR03 ","RSEBS0000000142","22313910",900.0,"KG","E012210CHG00000308","2022-10-11 21:49:35","RSEBS0000000142","2022-10-12 12:57:54","2022-10-12 19:19:26",381,"OFF-E0122/00377,OFF-E0122/00378"
"TPE Cabopol Lacoflex CHM91-0000-PIR03 ","RSEBS0000000142","22313923",900.0,"KG","E012210CHG00000307","2022-10-11 21:49:27","RSEBS0000000142","2022-10-12 04:18:46","2022-10-12 12:56:16",517,"OFF-E0122/00377,OFF-E0122/00378"
"Vistamaxx 6102","RVMAX0862000013","VM6102V21122502AB5023",650.0,"KG","E012210CHG00000304","2022-10-11 21:19:11","RVMAX0862000013","2022-10-11 22:52:28","2022-10-12 08:20:39",568,"OFF-E0122/00374,OFF-E0122/00373"
"TPE Cabopol Lacoflex CHM91-0000-PIR03 ","RSEBS0000000142","2231399",500.0,"KG","E012210CHG00000303","2022-10-11 19:40:59","RSEBS0000000142","2022-10-11 23:40:20","2022-10-12 04:18:34",278,"OFF-E0122/00377,OFF-E0122/00378"
"Adplast MB PPA AMF001PE-S4","RAPPA0000000137","50370322",75.0,"KG","E012210CHG00000292","2022-10-11 15:36:17","RAPPA0000000137","2022-10-13 19:50:37","2022-10-16 07:41:36",3590,"OFF-E0122/00377,OFF-E0122/00378"
"Adplast MB AOX AO05LLDPE-S4","RAAOX0000000138","504777922",75.0,"KG","E012210CHG00000291","2022-10-11 15:36:00","RAAOX0000000138","2022-10-13 19:50:20","2022-10-16 07:41:28",3591,"OFF-E0122/00377,OFF-E0122/00378"
"Vistamaxx 6102","RVMAX0862000013","VM6102V21122502AB5051",650.0,"KG","E012210CHG00000290","2022-10-11 15:26:00","RVMAX0862000013","2022-10-11 16:36:51","2022-10-11 22:52:16",375,"OFF-E0122/00374,OFF-E0122/00373"
"TPE Ravago Ensoft SL-600-40A-A2-000 NATURAL","RSEBS0000000131","00586806269002568481",900.0,"KG","E012210CHG00000287","2022-10-11 14:11:12","RSEBS0000000131","2022-10-11 16:22:39","2022-10-12 00:13:34",470,"OFF-E0122/00374,OFF-E0122/00373"
"Reciclado Elastictek","R00000000000001","20220910-02",735.0,"KG","E012210CHG00000283","2022-10-11 08:30:51","R00000000000001","2022-10-12 04:18:02","2022-10-12 15:05:37",647,"OFF-E0122/00377,OFF-E0122/00378"
"Vistamaxx 6202","RVMAX0863000012","VM620222012601AB50257",650.0,"KG","E012210CHG00000282","2022-10-11 08:09:07","RVMAX0863000012","2022-10-12 02:02:13","2022-10-13 15:29:34",2247,"OFF-E0122/00377,OFF-E0122/00378"
"Vistamaxx 6102","RVMAX0862000013","VM6102V21122502AB50248",650.0,"KG","E012210CHG00000281","2022-10-10 22:13:53","RVMAX0862000013","2022-10-11 09:26:40","2022-10-11 16:36:37",429,"OFF-E0122/00374,OFF-E0122/00373"
"Vistamaxx 6102","RVMAX0862000013","VM6102V21122502AB5063",650.0,"KG","E012210CHG00000280","2022-10-10 21:04:40","RVMAX0862000013","2022-10-11 01:41:38","2022-10-11 09:25:57",464,"OFF-E0122/00374,OFF-E0122/00373"
"TPE Ravago Ensoft SL-600-40A-A2-000 NATURAL","RSEBS0000000131","00586806269002571139",900.0,"KG","E012210CHG00000279","2022-10-10 21:03:54","RSEBS0000000131","2022-10-11 03:16:01","2022-10-11 16:22:25",786,"OFF-E0122/00374,OFF-E0122/00373"
"PP 621P ","RPP620900000035","949A386362",175.0,"KG","E012210CHG00000271","2022-10-10 16:36:08","RPP620900000035","2022-10-12 12:58:10","2022-10-13 21:51:34",1973,"OFF-E0122/00377,OFF-E0122/00378"
"Adplast MB Branco WE8625ES-S4","RMWH00000000117","22363974",350.0,"KG","E012210CHG00000270","2022-10-10 16:33:20","RMWH00000000117","2022-10-12 03:22:31","2022-10-13 19:19:09",2396,"OFF-E0122/00377,OFF-E0122/00378"
"Vistamaxx 6102","RVMAX0862000013","VM6102V21122502AB50150",650.0,"KG","E012210CHG00000260","2022-10-10 14:07:13","RVMAX0862000013","2022-10-10 17:02:48","2022-10-11 01:40:01",517,"OFF-E0122/00372,OFF-E0122/00371,OFF-E0122/00370,OFF-E0122/00369"
"TPE Ravago Ensoft SL-600-40A-A2-000 NATURAL","RSEBS0000000131","00586806269002571382",565.0,"KG","E012210CHG00000259","2022-10-10 11:35:16","RSEBS0000000131","2022-10-10 17:47:37","2022-10-11 03:15:49",568,"OFF-E0122/00372,OFF-E0122/00371,OFF-E0122/00370,OFF-E0122/00369"
"Reciclado Elastictek","R00000000000001","20220912-02",822.0,"KG","E012210CHG00000258","2022-10-09 21:21:27","R00000000000001","2022-10-10 17:51:21","2022-10-11 02:19:56",508,"OFF-E0122/00372,OFF-E0122/00371,OFF-E0122/00370,OFF-E0122/00369"
"Reciclado Elastictek","R00000000000001","20220911-01",785.0,"KG","E012210CHG00000257","2022-10-09 21:21:05","R00000000000001","2022-10-11 02:20:56","2022-10-12 04:17:48",1556,"OFF-E0122/00374,OFF-E0122/00373"
"Vistamaxx 6102","RVMAX0862000013","VM6102V21121503AB5019",650.0,"KG","E012210CHG00000256","2022-10-09 21:20:21","RVMAX0862000013","2022-10-10 08:20:20","2022-10-10 17:02:25",522,"OFF-E0122/00372,OFF-E0122/00371,OFF-E0122/00370,OFF-E0122/00369"
"TPE Ravago Ensoft SL-600-40A-A2-000 NATURAL","RSEBS0000000131","00586806269002568214",900.0,"KG","E012210CHG00000255","2022-10-09 21:20:14","RSEBS0000000131","2022-10-10 08:24:39","2022-10-10 17:45:08",560,"OFF-E0122/00372,OFF-E0122/00371,OFF-E0122/00370,OFF-E0122/00369"
"Vistamaxx 6202","RVMAX0863000012","VM6202V22012601AB5036",650.0,"KG","E012210CHG00000246","2022-10-09 20:30:36","RVMAX0863000012","2022-10-10 05:12:07","2022-10-12 02:02:02",2689,"OFF-E0122/00372,OFF-E0122/00371,OFF-E0122/00370,OFF-E0122/00369"
"Vistamaxx 6102","RVMAX0862000013","VM6102V21121503AB506",650.0,"KG","E012210CHG00000245","2022-10-09 20:22:52","RVMAX0862000013","2022-10-09 23:03:54","2022-10-10 08:19:44",555,"OFF-E0122/00372,OFF-E0122/00371,OFF-E0122/00370,OFF-E0122/00369"
"TPE Ravago Ensoft SL-600-40A-A2-000 NATURAL","RSEBS0000000131","00586806269002568535",900.0,"KG","E012210CHG00000244","2022-10-09 20:19:55","RSEBS0000000131","2022-10-09 21:59:16","2022-10-10 08:23:49",624,"OFF-E0122/00372,OFF-E0122/00371,OFF-E0122/00370,OFF-E0122/00369"
"Adplast MB AOX AO05LLDPE-S4","RAAOX0000000138","504777922",75.0,"KG","E012210CHG00000237","2022-10-09 14:14:12","RAAOX0000000138","2022-10-11 15:42:38","2022-10-13 19:48:57",3126,"OFF-E0122/00374,OFF-E0122/00373"
"Adplast MB PPA AMF001PE-S4","RAPPA0000000137","50370322",75.0,"KG","E012210CHG00000236","2022-10-09 14:13:55","RAPPA0000000137","2022-10-11 15:42:09","2022-10-13 19:49:11",3127,"OFF-E0122/00374,OFF-E0122/00373"
"Vistamaxx 6102","RVMAX0862000013","VM6102V21121503AB50105",650.0,"KG","E012210CHG00000231","2022-10-09 11:56:37","RVMAX0862000013","2022-10-09 15:36:30","2022-10-09 22:36:27",419,"OFF-E0122/00372,OFF-E0122/00371,OFF-E0122/00370,OFF-E0122/00369"
"TPE Ravago Ensoft SL-600-40A-A2-000 NATURAL","RSEBS0000000131","00586806269002571115",900.0,"KG","E012210CHG00000230","2022-10-09 10:52:45","RSEBS0000000131","2022-10-09 12:25:10","2022-10-09 21:51:26",566,"OFF-E0122/00372,OFF-E0122/00371,OFF-E0122/00370,OFF-E0122/00369"
"TPE Ravago Ensoft SL-600-40A-A2-000 NATURAL","RSEBS0000000131","00586806269002568528",900.0,"KG","E012210CHG00000228","2022-10-08 22:13:30","RSEBS0000000131","2022-10-09 05:26:07","2022-10-09 12:22:01",415,"OFF-E0122/00372,OFF-E0122/00371,OFF-E0122/00370,OFF-E0122/00369"
"Vistamaxx 6102","RVMAX0862000013","VM6102V22050403AB50238",650.0,"KG","E012210CHG00000227","2022-10-08 22:13:22","RVMAX0862000013","2022-10-09 05:26:42","2022-10-09 15:36:11",609,"OFF-E0122/00372,OFF-E0122/00371,OFF-E0122/00370,OFF-E0122/00369"
"Reciclado Elastictek","R00000000000001","20220912-01",775.0,"KG","E012210CHG00000220","2022-10-08 20:00:18","R00000000000001","2022-10-10 03:25:21","2022-10-10 17:49:53",864,"OFF-E0122/00372,OFF-E0122/00371,OFF-E0122/00370,OFF-E0122/00369"
"Vistamaxx 6102","RVMAX0862000013","VM6102V21122502AB5071",650.0,"KG","E012210CHG00000219","2022-10-08 17:52:03","RVMAX0862000013","2022-10-08 21:43:39","2022-10-09 05:26:17",462,"OFF-E0122/00372,OFF-E0122/00371,OFF-E0122/00370,OFF-E0122/00369"
"TPE Ravago Ensoft SL-600-40A-A2-000 NATURAL","RSEBS0000000131","00586806269002568542",900.0,"KG","E012210CHG00000218","2022-10-08 16:30:41","RSEBS0000000131","2022-10-08 18:44:00","2022-10-09 05:25:42",641,"OFF-E0122/00372,OFF-E0122/00371,OFF-E0122/00370,OFF-E0122/00369"
"Vistamaxx 6202","RVMAX0863000012","VM6202V22012601AB50102",650.0,"KG","E012210CHG00000213","2022-10-08 14:22:33","RVMAX0863000012","2022-10-08 21:42:09","2022-10-10 05:11:34",1889,"OFF-E0122/00372,OFF-E0122/00371,OFF-E0122/00370,OFF-E0122/00369"
"Adplast MB Branco WE8625ES-S4","RMWH00000000117","22363974",350.0,"KG","E012210CHG00000212","2022-10-08 13:23:43","RMWH00000000117","2022-10-10 05:12:43","2022-10-12 03:22:20",2769,"OFF-E0122/00372,OFF-E0122/00371,OFF-E0122/00370,OFF-E0122/00369"
"Reciclado Elastictek","R00000000000001","20220914-01",770.0,"KG","E012210CHG00000201","2022-10-07 22:06:00","R00000000000001","2022-10-09 11:46:26","2022-10-10 03:25:03",938,"OFF-E0122/00372,OFF-E0122/00371,OFF-E0122/00370,OFF-E0122/00369"
"Reciclado Elastictek","R00000000000001","20220902-01",749.0,"KG","E012210CHG00000200","2022-10-07 22:05:33","R00000000000001","2022-10-08 21:43:54","2022-10-09 11:46:04",842,"OFF-E0122/00372,OFF-E0122/00371,OFF-E0122/00370,OFF-E0122/00369"
"TPE Ravago Ensoft SL-600-40A-A2-000 NATURAL","RSEBS0000000131","00586806269002570873",900.0,"KG","E012210CHG00000199","2022-10-07 22:04:39","RSEBS0000000131","2022-10-08 12:12:21","2022-10-08 18:39:07",386,"OFF-E0122/00372,OFF-E0122/00371,OFF-E0122/00370,OFF-E0122/00369"
"Vistamaxx 6102","RVMAX0862000013","VM6102V22050403AB50231",650.0,"KG","E012210CHG00000198","2022-10-07 22:04:31","RVMAX0862000013","2022-10-08 12:22:34","2022-10-08 21:41:41",559,"OFF-E0122/00372,OFF-E0122/00371,OFF-E0122/00370,OFF-E0122/00369"
"TPE Ravago Ensoft SL-600-40A-A2-000 NATURAL","RSEBS0000000131","00586806269002568252",900.0,"KG","E012210CHG00000191","2022-10-07 20:11:45","RSEBS0000000131","2022-10-08 00:22:02","2022-10-08 12:11:47",709,"OFF-E0122/00372,OFF-E0122/00371,OFF-E0122/00370,OFF-E0122/00369"
"Vistamaxx 6102","RVMAX0862000013","VM6102V21122502AB50111",650.0,"KG","E012210CHG00000190","2022-10-07 20:11:37","RVMAX0862000013","2022-10-07 23:42:58","2022-10-08 12:22:24",759,"OFF-E0122/00372,OFF-E0122/00371,OFF-E0122/00370,OFF-E0122/00369"
"Reciclado Elastictek","R00000000000001","20220901-02",766.0,"KG","E012210CHG00000186","2022-10-07 14:15:45","R00000000000001","2022-10-07 15:22:56","2022-10-08 06:10:21",887,"OFF-E0122/00372,OFF-E0122/00371,OFF-E0122/00370,OFF-E0122/00369"
"Vistamaxx 6102","RVMAX0862000013","VM6102V21122502AB50116",650.0,"KG","E012210CHG00000185","2022-10-07 12:39:23","RVMAX0862000013","2022-10-07 18:14:29","2022-10-07 23:33:14",318,"OFF-E0122/00372,OFF-E0122/00371,OFF-E0122/00370,OFF-E0122/00369"
"Vistamaxx 6202","RVMAX0863000012","VM6202V22012601AB50199",650.0,"KG","E012210CHG00000184","2022-10-07 12:26:47","RVMAX0863000012","2022-10-07 17:56:09","2022-10-08 21:41:50",1665,"OFF-E0122/00372,OFF-E0122/00371,OFF-E0122/00370,OFF-E0122/00369"
"Adplast MB Branco WE8625ES-S4","RMWH00000000117","22363974",350.0,"KG","E012210CHG00000183","2022-10-07 07:53:01","RMWH00000000117","2022-10-08 10:04:00","2022-10-10 05:12:20",2588,"OFF-E0122/00372,OFF-E0122/00371,OFF-E0122/00370,OFF-E0122/00369"
"Vistamaxx 6102","RVMAX0862000013","VM6102V21121503AB503",650.0,"KG","E012210CHG00000176","2022-10-06 22:12:53","RVMAX0862000013","2022-10-07 07:29:09","2022-10-07 17:42:25",613,"OFF-E0122/00372,OFF-E0122/00371,OFF-E0122/00370,OFF-E0122/00369"
"TPE Ravago Ensoft SL-600-40A-A2-000 NATURAL","RSEBS0000000131","00586806269002569891",900.0,"KG","E012210CHG00000175","2022-10-06 22:12:44","RSEBS0000000131","2022-10-07 10:38:39","2022-10-07 23:52:07",793,"OFF-E0122/00372,OFF-E0122/00371,OFF-E0122/00370,OFF-E0122/00369"
"TPE Ravago Ensoft SL-600-40A-A2-000 NATURAL","RSEBS0000000131","00586806269002570286",900.0,"KG","E012210CHG00000174","2022-10-06 22:12:28","RSEBS0000000131","2022-10-07 01:47:31","2022-10-07 10:37:34",530,"OFF-E0122/00372,OFF-E0122/00371,OFF-E0122/00370,OFF-E0122/00369"
"Vistamaxx 6102","RVMAX0862000013","VM6102V22050403AB50269",650.0,"KG","E012210CHG00000165","2022-10-06 16:08:44","RVMAX0862000013","2022-10-06 23:59:42","2022-10-07 07:28:55",449,"OFF-E0122/00372,OFF-E0122/00371,OFF-E0122/00370,OFF-E0122/00369"
"Reciclado Elastictek","R00000000000001","20220906-01",763.0,"KG","E012210CHG00000164","2022-10-06 16:06:47","R00000000000001","2022-10-07 01:48:18","2022-10-07 15:16:36",808,"OFF-E0122/00372,OFF-E0122/00371,OFF-E0122/00370,OFF-E0122/00369"
"TPE Ravago Ensoft SL-600-40A-A2-000 NATURAL","RSEBS0000000131","00586806269002569778",900.0,"KG","E012210CHG00000161","2022-10-06 13:19:42","RSEBS0000000131","2022-10-06 16:04:35","2022-10-07 01:40:45",576,"OFF-E0122/00372,OFF-E0122/00371,OFF-E0122/00370,OFF-E0122/00369"
"Adplast MB PPA AMF001PE-S4","RAPPA0000000137","50370322",75.0,"KG","E012210CHG00000160","2022-10-06 13:13:32","RAPPA0000000137","2022-10-09 07:15:44","2022-10-11 15:41:53",3386,"OFF-E0122/00372,OFF-E0122/00371,OFF-E0122/00370,OFF-E0122/00369"
"Adplast MB AOX AO05LLDPE-S4","RAAOX0000000138","504777922",75.0,"KG","E012210CHG00000159","2022-10-06 13:13:08","RAAOX0000000138","2022-10-09 07:13:51","2022-10-11 15:41:30",3387,"OFF-E0122/00372,OFF-E0122/00371,OFF-E0122/00370,OFF-E0122/00369"
"Vistamaxx 6202","RVMAX0863000012","VM6202V22012602AB5038",650.0,"KG","E012210CHG00000156","2022-10-06 07:34:35","RVMAX0863000012","2022-10-06 09:44:54","2022-10-07 17:42:42",1917,"OFF-E0122/00372,OFF-E0122/00371,OFF-E0122/00370,OFF-E0122/00369"
"Vistamaxx 6102","RVMAX0862000013","VM6102V21121503AB50143",650.0,"KG","E012210CHG00000147","2022-10-05 22:44:47","RVMAX0862000013","2022-10-06 10:55:21","2022-10-06 22:52:44",717,"OFF-E0122/00372,OFF-E0122/00371,OFF-E0122/00370,OFF-E0122/00369"
"Vistamaxx 6102","RVMAX0862000013","VM6102V21121503AB50107",650.0,"KG","E012210CHG00000144","2022-10-05 21:59:36",NULL,NULL,NULL,NULL,NULL
"TPE Ravago Ensoft SL-600-40A-A2-000 NATURAL","RSEBS0000000131","00586806269002568290",900.0,"KG","E012210CHG00000143","2022-10-05 21:59:28","RSEBS0000000131","2022-10-06 06:02:28","2022-10-06 16:03:49",601,"OFF-E0122/00375"
"TPE Ravago Ensoft SL-600-40A-A2-000 NATURAL","RSEBS0000000131","00586806269002568504",900.0,"KG","E012210CHG00000139","2022-10-05 18:38:21","RSEBS0000000131","2022-10-05 21:06:29","2022-10-06 06:01:22",534,"OFF-E0122/00375"
"Reciclado Elastictek","R00000000000001","20220907-02",755.0,"KG","E012210CHG00000138","2022-10-05 16:10:08","R00000000000001","2022-10-08 06:10:36","2022-10-08 21:41:25",930,"OFF-E0122/00372,OFF-E0122/00371,OFF-E0122/00370,OFF-E0122/00369"
"Reciclado Elastictek","R00000000000001","20220904-02",792.0,"KG","E012210CHG00000137","2022-10-05 16:09:21","R00000000000001","2022-10-06 14:37:07","2022-10-07 01:48:02",670,"OFF-E0122/00372,OFF-E0122/00371,OFF-E0122/00370,OFF-E0122/00369"
"Isolago Masterbatch Branco Isowhite L-75-0","RMWH00000000115","A221388",200.0,"KG","E012210CHG00000122","2022-10-05 09:52:19","RMWH00000000115","2022-10-07 03:15:06","2022-10-08 10:02:41",1847,"OFF-E0122/00372,OFF-E0122/00371,OFF-E0122/00370,OFF-E0122/00369"
"Vistamaxx 6102","RVMAX0862000013","VM6102V21113001AB5015",650.0,"KG","E012210CHG00000119","2022-10-04 22:54:41","RVMAX0862000013","2022-10-05 19:06:02","2022-10-06 10:53:36",947,"OFF-E0122/00375"
"Reciclado Elastictek","R00000000000001","20220907-01",717.0,"KG","E012210CHG00000117","2022-10-04 22:52:11","R00000000000001","2022-10-05 21:46:50","2022-10-06 14:36:35",1009,"OFF-E0122/00375"
"Reciclado Elastictek","R00000000000001","20220906-02",785.0,"KG","E012210CHG00000116","2022-10-04 22:51:43","R00000000000001","2022-10-05 11:29:50","2022-10-05 21:46:25",616,"OFF-E0122/00375"
"Vistamaxx 6102","RVMAX0862000013","VM6102V21113001AB5015",650.0,"KG","E012210MLO00000001","2022-10-04 22:51:16",NULL,NULL,NULL,NULL,NULL
"Vistamaxx 6102","RVMAX0862000013","VM6102V21113001AB5058",650.0,"KG","E012210CHG00000113","2022-10-04 22:43:14","RVMAX0862000013","2022-10-05 05:00:53","2022-10-05 11:42:13",401,"OFF-E0122/00361,OFF-E0122/00362"
"TPE Ravago Ensoft SL-600-40A-A2-000 NATURAL","RSEBS0000000131","00586806269002568269",900.0,"KG","E012210CHG00000112","2022-10-04 22:38:38","RSEBS0000000131","2022-10-05 13:56:53","2022-10-05 21:06:09",429,"OFF-E0122/00375"
"Vistamaxx 6102","RVMAX0862000013","VM6102V21113001AB5051",650.0,"KG","E012210CHG00000111","2022-10-04 22:27:09","RVMAX0862000013","2022-10-05 11:42:46","2022-10-05 18:44:01",421,"OFF-E0122/00375"
"TPE Ravago Ensoft SL-600-40A-A2-000 NATURAL","RSEBS0000000131","00586806269002568573",900.0,"KG","E012210CHG00000110","2022-10-04 22:20:53","RSEBS0000000131","2022-10-05 03:03:51","2022-10-05 13:56:33",652,"OFF-E0122/00361,OFF-E0122/00362"
"Vistamaxx 6202","RVMAX0863000012","VM6202V22012601AB50204",650.0,"KG","E012210CHG00000109","2022-10-04 21:35:39","RVMAX0863000012","2022-10-05 08:12:01","2022-10-06 09:44:19",1532,"OFF-E0122/00375"
"Vistamaxx 6102","RVMAX0862000013","VM6102V21122502AB50232",650.0,"KG","E012210CHG00000108","2022-10-04 19:43:20","RVMAX0862000013","2022-10-04 23:10:29","2022-10-05 05:00:26",349,"OFF-E0122/00361,OFF-E0122/00362"
"PP 621P ","RPP620900000035","949A386362",175.0,"KG","E012210CHG00000097","2022-10-04 14:50:06","RPP620900000035","2022-10-10 10:16:59","2022-10-12 12:54:35",3037,"OFF-E0122/00372,OFF-E0122/00371,OFF-E0122/00370,OFF-E0122/00369"
"Adplast MB PPA AMF001PE-S4","RAPPA0000000137","50370322",75.0,"KG","E012210CHG00000095","2022-10-04 12:31:55","RAPPA0000000137","2022-10-06 13:46:01","2022-10-09 07:12:10",3926,"OFF-E0122/00372,OFF-E0122/00371,OFF-E0122/00370,OFF-E0122/00369"
"Adplast MB AOX AO05LLDPE-S4","RAAOX0000000138","504777922",75.0,"KG","E012210CHG00000094","2022-10-04 12:31:40","RAAOX0000000138","2022-10-06 13:42:24","2022-10-09 07:13:23",3930,"OFF-E0122/00372,OFF-E0122/00371,OFF-E0122/00370,OFF-E0122/00369"
"Vistamaxx 6102","RVMAX0862000013","VM6102V21122502AB50112",650.0,"KG","E012210CHG00000093","2022-10-04 12:26:26","RVMAX0862000013","2022-10-04 14:48:45","2022-10-04 23:09:19",500,"OFF-E0122/00361,OFF-E0122/00362"
"Reciclado Elastictek","R00000000000001","20220908-01",790.0,"KG","E012210CHG00000087","2022-10-03 22:57:19","R00000000000001","2022-10-04 15:42:30","2022-10-05 11:29:37",1187,"OFF-E0122/00361,OFF-E0122/00362"
"Vistamaxx 6102","RVMAX0862000013","VM6102V21121503AB5038",650.0,"KG","E012210CHG00000086","2022-10-03 22:50:38","RVMAX0862000013","2022-10-04 09:13:03","2022-10-04 14:45:54",332,"OFF-E0122/00361,OFF-E0122/00362"
"TPE Ravago Ensoft SL-600-40A-A2-000 NATURAL","RSEBS0000000131","00586806269002568221",900.0,"KG","E012210CHG00000085","2022-10-03 22:49:44","RSEBS0000000131","2022-10-04 12:27:34","2022-10-05 03:03:23",875,"OFF-E0122/00361,OFF-E0122/00362"
"Vistamaxx 6102","RVMAX0862000013","VM6102V21121503AB5018",650.0,"KG","E012210CHG00000078","2022-10-03 22:09:36","RVMAX0862000013","2022-10-04 02:07:04","2022-10-04 09:12:44",425,"OFF-E0122/00366"
"TPE Ravago Ensoft SL-600-40A-A2-000 NATURAL","RSEBS0000000131","00586806269002568511",900.0,"KG","E012210CHG00000077","2022-10-03 22:04:14","RSEBS0000000131","2022-10-04 01:44:26","2022-10-04 11:52:54",608,"OFF-E0122/00366"
"Isolago Masterbatch Branco Isowhite L-75-0","RMWH00000000115","A221388",350.0,"KG","E012210CHG00000063","2022-10-03 14:14:45","RMWH00000000115","2022-10-05 10:17:04","2022-10-07 03:14:45",2457,"OFF-E0122/00375"
"TPE Ravago Ensoft SL-600-40A-A2-000 NATURAL","RSEBS0000000131","00586806269002568498",900.0,"KG","E012210CHG00000062","2022-10-03 14:13:14","RSEBS0000000131","2022-10-03 15:43:38","2022-10-04 01:44:07",600,"OFF-E0122/00366"
"Vistamaxx 6202","RVMAX0863000012","VM6202V22012601AB50200",650.0,"KG","E012210CHG00000061","2022-10-03 14:05:55","RVMAX0863000012","2022-10-03 16:29:32","2022-10-05 08:11:22",2381,"OFF-E0122/00366"
"Vistamaxx 6102","RVMAX0862000013","VM6102V21121503AB50166",650.0,"KG","E012210CHG00000060","2022-10-03 13:56:08","RVMAX0862000013","2022-10-03 16:31:20","2022-10-04 02:06:50",575,"OFF-E0122/00366"
"Reciclado Elastictek","R00000000000001","20220905-01",802.0,"KG","E012210CHG00000056","2022-10-02 22:40:47","R00000000000001","2022-10-03 23:31:19","2022-10-04 15:42:17",970,"OFF-E0122/00366"
"Reciclado Elastictek","R00000000000001","20220903-01",784.0,"KG","E012210CHG00000055","2022-10-02 22:35:29","R00000000000001","2022-10-03 12:34:52","2022-10-03 23:27:53",653,"OFF-E0122/00366"
"TPE Ravago Ensoft SL-600-40A-A2-000 NATURAL","RSEBS0000000131","00586806269002568245",900.0,"KG","E012210CHG00000054","2022-10-02 22:30:02","RSEBS0000000131","2022-10-03 08:54:52","2022-10-03 15:43:18",408,"OFF-E0122/00366"
"Vistamaxx 6102","RVMAX0862000013","VM6102V21121503AB5037",650.0,"KG","E012210CHG00000053","2022-10-02 22:29:08","RVMAX0862000013","2022-10-03 09:17:42","2022-10-03 16:30:46",433,"OFF-E0122/00366"
"Vistamaxx 6102","RVMAX0862000013","VM6102V21121503AB50176",650.0,"KG","E012210CHG00000042","2022-10-02 21:52:13",NULL,NULL,NULL,NULL,NULL
"Reciclado Elastictek","R00000000000001","LO22070019",789.0,"KG","E012210CHG00000041","2022-10-02 14:36:44",NULL,NULL,NULL,NULL,NULL
"Vistamaxx 6202","RVMAX0863000012","VM6202V22012601AB50203",650.0,"KG","E012210CHG00000031","2022-10-02 08:59:22","RVMAX0863000012","2022-10-02 16:31:27","2022-10-03 16:28:34",1437,"OFF-E0122/00359,OFF-E0122/00358,OFF-E0122/00357,OFF-E0122/00356"
"Reciclado Elastictek","R00000000000001","20220904-01",692.0,"KG","E012210CHG00000030","2022-10-01 21:18:05","R00000000000001","2022-10-02 02:10:04","2022-10-02 20:19:49",1089,"OFF-E0122/00359,OFF-E0122/00358,OFF-E0122/00357,OFF-E0122/00356"
"Vistamaxx 6102","RVMAX0862000013","VM6102V21121503AB50136",650.0,"KG","E012210CHG00000029","2022-10-01 21:17:29","RVMAX0862000013","2022-10-02 16:35:28","2022-10-02 23:29:50",414,"OFF-E0122/00359,OFF-E0122/00358,OFF-E0122/00357,OFF-E0122/00356"
"Vistamaxx 6102","RVMAX0862000013","VM6102V21121503AB50124",650.0,"KG","E012210CHG00000028","2022-10-01 21:17:20",NULL,NULL,NULL,NULL,NULL
"TPE Ravago Ensoft SL-600-40A-A2-000 NATURAL","RSEBS0000000131","00586806269002568306",900.0,"KG","E012210CHG00000027","2022-10-01 21:17:11","RSEBS0000000131","2022-10-02 22:26:03","2022-10-03 08:48:23",622,"OFF-E0122/00359,OFF-E0122/00358,OFF-E0122/00357,OFF-E0122/00356"
"TPE Ravago Ensoft SL-600-40A-A2-000 NATURAL","RSEBS0000000131","00586806269002568276",900.0,"KG","E012210CHG00000026","2022-10-01 21:17:03","RSEBS0000000131","2022-10-02 13:59:48","2022-10-02 22:24:34",504,"OFF-E0122/00359,OFF-E0122/00358,OFF-E0122/00357,OFF-E0122/00356"
"Adplast MB PPA AMF001PE-S4","RAPPA0000000137","50370322",75.0,"KG","E012210CHG00000025","2022-10-01 21:16:55","RAPPA0000000137","2022-10-04 06:18:59","2022-10-06 13:41:45",3322,"OFF-E0122/00361,OFF-E0122/00362"
"Adplast MB AOX AO05LLDPE-S4","RAAOX0000000138","504777922",75.0,"KG","E012210CHG00000024","2022-10-01 21:16:32","RAAOX0000000138","2022-10-04 06:18:30","2022-10-06 13:41:52",3323,"OFF-E0122/00361,OFF-E0122/00362"
"Isolago Masterbatch Branco Isowhite L-75-0","RMWH00000000115","A221388",350.0,"KG","E012210CHG00000013","2022-10-01 19:08:15","RMWH00000000115","2022-10-03 14:53:03","2022-10-05 09:49:01",2575,"OFF-E0122/00366"
"TPE Ravago Ensoft SL-600-40A-A2-000 NATURAL","RSEBS0000000131","00586806269002571122",900.0,"KG","E012210CHG00000011","2022-10-01 10:26:59",NULL,NULL,NULL,NULL,NULL
"Vistamaxx 6202","RVMAX0863000012","VM6202V22012601AB50209",650.0,"KG","E012210CHG00000010","2022-10-01 10:18:33","RVMAX0863000012","2022-10-01 12:44:57","2022-10-02 16:29:56",1664,"OFF-E0122/00359,OFF-E0122/00358,OFF-E0122/00357,OFF-E0122/00356"
"Reciclado Elastictek","R00000000000001","LO22070019",747.0,"KG","E012210CHG00000001","2022-10-01 09:20:17","R00000000000001","2022-10-01 12:12:56","2022-10-02 01:49:24",816,"OFF-E0122/00359,OFF-E0122/00358,OFF-E0122/00357,OFF-E0122/00356"
"TPE Ravago Ensoft SL-600-40A-A2-000 NATURAL","RSEBS0000000131","00586806269002568283",900.0,"KG","E012209CHG00000819","2022-09-30 22:31:36","RSEBS0000000131","2022-10-01 12:41:46","2022-10-02 00:33:59",712,"OFF-E0122/00359,OFF-E0122/00358,OFF-E0122/00357,OFF-E0122/00356"
"TPE Ravago Ensoft SL-600-40A-A2-000 NATURAL","RSEBS0000000131","00586806269002568238",900.0,"KG","E012209CHG00000818","2022-09-30 22:31:26","RSEBS0000000131","2022-10-01 00:41:25","2022-10-01 12:39:39",718,"OFF-E0122/00359,OFF-E0122/00358,OFF-E0122/00357,OFF-E0122/00356"
"Vistamaxx 6102","RVMAX0862000013","VM6102V21121503AB50113",650.0,"KG","E012209CHG00000817","2022-09-30 22:31:00","RVMAX0862000013","2022-10-01 19:20:44","2022-10-02 00:23:51",303,"OFF-E0122/00359,OFF-E0122/00358,OFF-E0122/00357,OFF-E0122/00356"
"Vistamaxx 6102","RVMAX0862000013","VM6102V21121503AB50167",650.0,"KG","E012209CHG00000816","2022-09-30 22:30:51","RVMAX0862000013","2022-10-01 05:33:32","2022-10-01 19:08:37",815,"OFF-E0122/00359,OFF-E0122/00358,OFF-E0122/00357,OFF-E0122/00356"
"Isolago Masterbatch Branco Isowhite L-75-0","RMWH00000000115","A221388",350.0,"KG","E012209CHG00000806","2022-09-30 20:42:34","RMWH00000000115","2022-10-01 15:34:52","2022-10-03 14:52:50",2837,"OFF-E0122/00359,OFF-E0122/00358,OFF-E0122/00357,OFF-E0122/00356"
"Vistamaxx 6102","RVMAX0862000013","VM6102V21121503AB50101",650.0,"KG","E012209CHG00000802","2022-09-30 19:10:33","RVMAX0862000013","2022-09-30 23:35:33","2022-10-01 05:29:08",353,"OFF-E0122/00359,OFF-E0122/00358,OFF-E0122/00357,OFF-E0122/00356"
"TPE Ravago Ensoft SL-600-40A-A2-000 NATURAL","RSEBS0000000131","00586806269002569907",900.0,"KG","E012209CHG00000801","2022-09-30 14:42:51","RSEBS0000000131","2022-09-30 17:26:17","2022-10-01 00:40:33",434,"OFF-E0122/00359,OFF-E0122/00358,OFF-E0122/00357,OFF-E0122/00356"
"Vistamaxx 6202","RVMAX0863000012","VM6202V22012601AB5020",650.0,"KG","E012209CHG00000793","2022-09-29 22:59:36","RVMAX0863000012","2022-09-30 13:05:25","2022-10-01 12:44:40",1419,"OFF-E0122/00359,OFF-E0122/00358,OFF-E0122/00357,OFF-E0122/00356"
"Reciclado Elastictek","R00000000000001","20220902-02",796.0,"KG","E012209CHG00000792","2022-09-29 22:55:10","R00000000000001","2022-09-30 04:20:22","2022-10-01 12:12:34",1912,"OFF-E0122/00359,OFF-E0122/00358,OFF-E0122/00357,OFF-E0122/00356"
"Adplast MB AOX AO05LLDPE-S4","RAAOX0000000138","504777922",75.0,"KG","E012209CHG00000776","2022-09-29 14:26:34","RAAOX0000000138","2022-10-01 19:28:59","2022-10-04 06:17:43",3528,"OFF-E0122/00359,OFF-E0122/00358,OFF-E0122/00357,OFF-E0122/00356"
"Adplast MB PPA AMF001PE-S4","RAPPA0000000137","50370322",75.0,"KG","E012209CHG00000775","2022-09-29 14:24:04","RAPPA0000000137","2022-10-01 19:28:45","2022-10-04 06:18:16",3529,"OFF-E0122/00359,OFF-E0122/00358,OFF-E0122/00357,OFF-E0122/00356"
"Reciclado Elastictek","R00000000000001","LO22070019",797.0,"KG","E012209CHG00000774","2022-09-29 12:04:13",NULL,NULL,NULL,NULL,NULL
"Reciclado Elastictek","R00000000000001","LO22070019",797.0,"KG","E012209CHG00000773","2022-09-29 12:00:16",NULL,NULL,NULL,NULL,NULL
"Reciclado Elastictek","R00000000000001","20220901-01",750.0,"KG","E012209CHG00000762","2022-09-28 22:42:19",NULL,NULL,NULL,NULL,NULL
"Reciclado Elastictek","R00000000000001","LO22070019",770.0,"KG","E012209CHG00000761","2022-09-28 22:39:54","R00000000000001","2022-09-29 14:53:16","2022-09-30 04:18:17",805,"OFF-E0122/00359,OFF-E0122/00358,OFF-E0122/00357,OFF-E0122/00356"
"Reciclado Elastictek","R00000000000001","LO22070019",765.0,"KG","E012209CHG00000760","2022-09-28 22:39:18",NULL,NULL,NULL,NULL,NULL
"Adplast MB Branco WE8625ES-S4","RMWH00000000117","22363974",275.0,"KG","E012209CHG00000740","2022-09-28 15:20:51","RMWH00000000117","2022-09-30 02:05:46","2022-10-01 15:34:36",2248,"OFF-E0122/00359,OFF-E0122/00358,OFF-E0122/00357,OFF-E0122/00356"
"PP 621P ","RPP620900000035","949A386362",175.0,"KG","E012209CHG00000739","2022-09-28 15:20:20","RPP620900000035","2022-10-04 15:41:35","2022-10-10 10:16:41",8315,"OFF-E0122/00361,OFF-E0122/00362"
"Reciclado Elastictek","R00000000000001","LO22070019",797.0,"KG","E012209CHG00000737","2022-09-28 13:30:39","R00000000000001","2022-09-28 19:57:57","2022-09-29 12:01:14",963,"OFF-E0122/00359,OFF-E0122/00358,OFF-E0122/00357,OFF-E0122/00356"
"Reciclado Elastictek","R00000000000001","LO22070019",710.0,"KG","E012209CHG00000728","2022-09-27 22:50:30","R00000000000001","2022-09-28 02:30:58","2022-09-28 19:57:45",1046,"OFF-E0122/00359,OFF-E0122/00358,OFF-E0122/00357,OFF-E0122/00356"
"PP 621P ","RPP620900000035","949A386362",175.0,"KG","E012209CHG00000721","2022-09-27 22:40:36","RPP620900000035","2022-09-28 17:10:56","2022-10-04 15:41:19",8550,"OFF-E0122/00359,OFF-E0122/00358,OFF-E0122/00357,OFF-E0122/00356"
"Adplast MB PPA AMF001PE-S4","RAPPA0000000137","50370322",75.0,"KG","E012209CHG00000696","2022-09-27 07:24:13","RAPPA0000000137","2022-09-29 12:45:10","2022-10-01 19:27:08",3281,"OFF-E0122/00359,OFF-E0122/00358,OFF-E0122/00357,OFF-E0122/00356"
"Adplast MB AOX AO05LLDPE-S4","RAAOX0000000138","504777922",75.0,"KG","E012209CHG00000695","2022-09-27 07:23:53","RAAOX0000000138","2022-09-29 12:44:50","2022-10-01 19:27:31",3282,"OFF-E0122/00359,OFF-E0122/00358,OFF-E0122/00357,OFF-E0122/00356"
"Reciclado Elastictek","R00000000000001","LO22070019",755.0,"KG","E012209CHG00000694","2022-09-26 22:20:56","R00000000000001","2022-09-27 19:42:00","2022-09-27 19:32:00",-10.0,"OFF-E0122/00346,OFF-E0122/00347,OFF-E0122/00348,OFF-E0122/00349"
"Reciclado Elastictek","R00000000000001","LO22070019",755.0,"KG","E012209CHG00000694","2022-09-26 22:20:56","R00000000000001","2022-09-27 19:42:00","2022-09-27 20:32:00",50,"OFF-E0122/00346,OFF-E0122/00347,OFF-E0122/00348,OFF-E0122/00349"
"Reciclado Elastictek","R00000000000001","LO22070019",755.0,"KG","E012209CHG00000694","2022-09-26 22:20:56","R00000000000001","2022-09-27 20:32:00","2022-09-27 19:32:00",-60.0,"OFF-E0122/00346,OFF-E0122/00347,OFF-E0122/00348,OFF-E0122/00349"
"Reciclado Elastictek","R00000000000001","LO22070019",755.0,"KG","E012209CHG00000694","2022-09-26 22:20:56","R00000000000001","2022-09-27 20:32:00","2022-09-27 20:32:00",0,"OFF-E0122/00346,OFF-E0122/00347,OFF-E0122/00348,OFF-E0122/00349"
"TPE Cabopol Lacoflex CHM91-0000-PIR03 ","RSEBS0000000142","2231399",900.0,"KG","E012209CHG00000691","2022-09-26 22:10:02",NULL,NULL,NULL,NULL,NULL
"Reciclado Elastictek","R00000000000001","LO22070019",750.0,"KG","E012209CHG00000683","2022-09-26 21:27:31","R00000000000001","2022-09-26 23:00:00","2022-09-27 19:38:00",1238,"OFF-E0122/00346,OFF-E0122/00347,OFF-E0122/00348,OFF-E0122/00349"
"Adplast MB Branco WE8625ES-S4","RMWH00000000117","22363974",1050.0,"KG","E012209CHG00000679","2022-09-26 13:23:44",NULL,NULL,NULL,NULL,NULL
"Adplast MB Branco WE8625ES-S4","RMWH00000000117","22363974",350.0,"KG","E012209CHG00000678","2022-09-26 13:10:28","RMWH00000000117","2022-09-28 18:14:41","2022-09-30 02:04:28",1909,"OFF-E0122/00359,OFF-E0122/00358,OFF-E0122/00357,OFF-E0122/00356"
"PP 621P ","RPP620900000035","949A386362",175.0,"KG","E012209CHG00000677","2022-09-26 12:59:46",NULL,NULL,NULL,NULL,NULL
"Reciclado Elastictek","R00000000000001","LO22070019",717.0,"KG","E012209CHG00000663","2022-09-25 22:26:50","R00000000000001","2022-09-26 22:20:00","2022-09-27 19:38:00",1278,"OFF-E0122/00346,OFF-E0122/00347,OFF-E0122/00348,OFF-E0122/00349"
"Reciclado Elastictek","R00000000000001","LO22070019",735.0,"KG","E012209CHG00000662","2022-09-25 22:25:56","R00000000000001","2022-09-26 10:40:26","2022-09-26 22:20:00",699,"OFF-E0122/00353"
"PP 621P ","RPP620900000035","949A386362",175.0,"KG","E012209CHG00000638","2022-09-25 13:39:40","RPP620900000035","2022-09-26 10:40:53","2022-09-27 19:38:19",1977,"OFF-E0122/00353"
"Adplast MB Branco WE8625ES-S4","RMWH00000000117","22363974",350.0,"KG","E012209CHG00000637","2022-09-25 13:39:06",NULL,NULL,NULL,NULL,NULL
"Adplast MB PPA AMF001PE-S4","RAPPA0000000137","50370322",75.0,"KG","E012209CHG00000636","2022-09-25 13:38:47","RAPPA0000000137","2022-09-28 18:13:03","2022-09-29 12:44:34",1111,"OFF-E0122/00359,OFF-E0122/00358,OFF-E0122/00357,OFF-E0122/00356"
"Adplast MB AOX AO05LLDPE-S4","RAAOX0000000138","504777922",75.0,"KG","E012209CHG00000635","2022-09-25 13:38:30","RAAOX0000000138","2022-09-28 18:14:07","2022-09-29 12:44:25",1110,"OFF-E0122/00359,OFF-E0122/00358,OFF-E0122/00357,OFF-E0122/00356"
"Reciclado Elastictek","R00000000000001","LO22070019",871.0,"KG","E012209CHG00000634","2022-09-25 13:06:55","R00000000000001","2022-09-25 19:34:48","2022-09-26 10:40:19",905,"OFF-E0122/00353"
"Reciclado Elastictek","R00000000000001","LO22070019",735.0,"KG","E012209CHG00000603","2022-09-23 22:52:08",NULL,NULL,NULL,NULL,NULL
"Reciclado Elastictek","R00000000000001","LO22070019",735.0,"KG","E012209CHG00000602","2022-09-23 22:46:42","R00000000000001","2022-09-24 08:40:09","2022-09-24 20:00:00",679,"OFF-E0122/00346,OFF-E0122/00347,OFF-E0122/00348,OFF-E0122/00349"
"Reciclado Elastictek","R00000000000001","LO22070019",735.0,"KG","E012209CHG00000601","2022-09-23 22:44:08",NULL,NULL,NULL,NULL,NULL
"Reciclado Elastictek","R00000000000001","LO22070019",735.0,"KG","E012209CHG00000600","2022-09-23 22:41:19",NULL,NULL,NULL,NULL,NULL
"Reciclado Elastictek","R00000000000001","LO22070019",819.0,"KG","E012209CHG00000599","2022-09-23 22:35:04",NULL,NULL,NULL,NULL,NULL
"PP 621P ","RPP620900000035","949A386362",175.0,"KG","E012209CHG00000587","2022-09-23 21:57:32","RPP620900000035","2022-09-25 04:00:14","2022-09-26 10:40:26",1840,"OFF-E0122/00353"
"Adplast MB Branco WE8625ES-S4","RMWH00000000117","22363974",350.0,"KG","E012209CHG00000586","2022-09-23 21:57:11",NULL,NULL,NULL,NULL,NULL
"Adplast MB PPA AMF001PE-S4","RAPPA0000000137","50370322",75.0,"KG","E012209CHG00000585","2022-09-23 21:56:50","RAPPA0000000137","2022-09-25 03:35:05",NULL,NULL,"OFF-E0122/00353"
"Adplast MB AOX AO05LLDPE-S4","RAAOX0000000138","504777922",75.0,"KG","E012209CHG00000584","2022-09-23 21:56:26","RAAOX0000000138","2022-09-25 03:35:05",NULL,NULL,"OFF-E0122/00353"
"Adplast MB Branco WE8625ES-S4","RMWH00000000117","22363974",500.0,"KG","E012209CHG00000576","2022-09-23 15:54:34",NULL,NULL,NULL,NULL,NULL
"Adplast MB Branco WE8625ES-S4","RMWH00000000117","22363974",500.0,"KG","E012209CHG00000575","2022-09-23 15:53:49",NULL,NULL,NULL,NULL,NULL
"Reciclado Elastictek","R00000000000001","LO22070019",735.0,"KG","E012209CHG00000574","2022-09-23 15:47:42",NULL,NULL,NULL,NULL,NULL
"Reciclado Elastictek","R00000000000001","LO22070019",739.0,"KG","E012209CHG00000565","2022-09-23 09:26:08","R00000000000001","2022-09-23 22:00:54","2022-09-24 08:40:00",639,"OFF-E0122/00346,OFF-E0122/00347,OFF-E0122/00348,OFF-E0122/00349"
"Vistamaxx 6102","RVMAX0862000013","VM6102V21113001AB5083",650.0,"KG","E012209CHG00000537","2022-09-21 22:46:51",NULL,NULL,NULL,NULL,NULL
"Adplast MB Branco WE8625ES-S4","RMWH00000000117","22363974",350.0,"KG","E012209CHG00000536","2022-09-21 22:22:38",NULL,NULL,NULL,NULL,NULL
"PP 621P ","RPP620900000035","949A386362",100.0,"KG","E012209CHG00000503","2022-09-20 18:11:19",NULL,NULL,NULL,NULL,NULL
"Adplast MB PPA AMF001PE-S4","RAPPA0000000137","50370322",50.0,"KG","E012209CHG00000502","2022-09-20 18:06:27",NULL,NULL,NULL,NULL,NULL
"Adplast MB AOX AO05LLDPE-S4","RAAOX0000000138","504777922",50.0,"KG","E012209CHG00000501","2022-09-20 18:05:33",NULL,NULL,NULL,NULL,NULL
"Adplast MB Branco WE8625ES-S4","RMWH00000000117","22363974",200.0,"KG","E012209CHG00000500","2022-09-20 17:58:46",NULL,NULL,NULL,NULL,NULL
"Adplast MB Branco WE8625ES-S4","RMWH00000000117","22363974",350.0,"KG","E012209CHG00000499","2022-09-20 17:57:12",NULL,NULL,NULL,NULL,NULL
"Adplast MB Branco WE8625ES-S4","RMWH00000000117","22363974",350.0,"KG","E012209CHG00000498","2022-09-20 17:54:41",NULL,NULL,NULL,NULL,NULL
"TPE Cabopol Lacoflex CHM91-0000-PIR03 ","RSEBS0000000142","2231392",900.0,"KG","E012209CHG00000482","2022-09-19 22:26:15","RSEBS0000000142","2022-09-20 23:28:04","2022-09-23 15:45:21",3857,"OFF-E0122/00346,OFF-E0122/00347,OFF-E0122/00348,OFF-E0122/00349"
"TPE Cabopol Lacoflex CHM91-0000-50 ","RSEBS0000000139","2219514",900.0,"KG","E012208MLO00000007","2022-09-19 13:32:21",NULL,NULL,NULL,NULL,NULL
"Vistamaxx 6202","RVMAX0863000012","VM620222012601AB50257",650.0,"KG","E012208MLO00000002","2022-09-19 13:25:33",NULL,NULL,NULL,NULL,NULL
"Adplast MB Branco WE8625ES-S4","RMWH00000000117","22363974",350.0,"KG","E012209CHG00000417","2022-09-17 21:37:23",NULL,NULL,NULL,NULL,NULL
"Adplast MB PPA AMF001PE-S4","RAPPA0000000137","50370322",75.0,"KG","E012209CHG00000416","2022-09-17 21:36:59","RAPPA0000000137","2022-09-20 16:48:24",NULL,NULL,"OFF-E0122/00346,OFF-E0122/00347,OFF-E0122/00348,OFF-E0122/00349"
"Adplast MB AOX AO05LLDPE-S4","RAAOX0000000138","504777922",75.0,"KG","E012209CHG00000415","2022-09-17 21:36:10",NULL,NULL,NULL,NULL,NULL
"PP 621P ","RPP620900000035","949A386362",175.0,"KG","E012209CHG00000384","2022-09-16 21:11:42",NULL,NULL,NULL,NULL,NULL
"Adplast MB Branco WE8625ES-S4","RMWH00000000117","22363974",350.0,"KG","E012209CHG00000383","2022-09-16 21:03:04","RMWH00000000117","2022-09-20 16:47:01",NULL,NULL,"OFF-E0122/00346,OFF-E0122/00347,OFF-E0122/00348,OFF-E0122/00349"
"Adplast MB PPA AMF001PE-S4","RAPPA0000000137","50370322",75.0,"KG","E012209CHG00000364","2022-09-15 22:22:26",NULL,NULL,NULL,NULL,NULL
"Adplast MB AOX AO05LLDPE-S4","RAAOX0000000138","504777922",75.0,"KG","E012209CHG00000363","2022-09-15 22:22:07",NULL,NULL,NULL,NULL,NULL
"Adplast MB Branco WE8625ES-S4","RMWH00000000117","22363974",125.0,"KG","E012209CHG00000355","2022-09-14 22:51:04",NULL,NULL,NULL,NULL,NULL
"PP 621P ","RPP620900000035","949A386362",175.0,"KG","E012209CHG00000345","2022-09-14 15:46:18",NULL,NULL,NULL,NULL,NULL
"Adplast MB PPA AMF001PE-S4","RAPPA0000000137","50370322",75.0,"KG","E012209CHG00000337","2022-09-13 22:01:57",NULL,NULL,NULL,NULL,NULL
"Adplast MB AOX AO05LLDPE-S4","RAAOX0000000138","504777922",75.0,"KG","E012209CHG00000336","2022-09-13 22:01:41",NULL,NULL,NULL,NULL,NULL
"Vistamaxx 6102","RVMAX0862000013","VM6102V21113001AB5032",650.0,"KG","E012209CHG00000335","2022-09-13 21:50:39",NULL,NULL,NULL,NULL,NULL
"Adplast MB PPA AMF001PE-S4","RAPPA0000000137","50370322",75.0,"KG","E012209CHG00000283","2022-09-11 20:37:00",NULL,NULL,NULL,NULL,NULL
"Adplast MB AOX AO05LLDPE-S4","RAAOX0000000138","504777922",75.0,"KG","E012209CHG00000282","2022-09-11 20:24:53",NULL,NULL,NULL,NULL,NULL
"PP 621P ","RPP620900000035","949A386362",175.0,"KG","E012209CHG00000269","2022-09-11 14:32:54",NULL,NULL,NULL,NULL,NULL
"Adplast MB PPA AMF001PE-S4","RAPPA0000000137","50370322",75.0,"KG","E012209CHG00000224","2022-09-09 21:53:55",NULL,NULL,NULL,NULL,NULL
"Adplast MB AOX AO05LLDPE-S4","RAAOX0000000138","504777922",75.0,"KG","E012209CHG00000223","2022-09-09 21:50:22",NULL,NULL,NULL,NULL,NULL
"PP 621P ","RPP620900000035","949A386362",175.0,"KG","E012209CHG00000199","2022-09-09 08:19:22",NULL,NULL,NULL,NULL,NULL
"PP 621P ","RPP620900000035","949A386362",175.0,"KG","E012209CHG00000158","2022-09-07 14:03:48",NULL,NULL,NULL,NULL,NULL
"Adplast MB AOX AO05LLDPE-S4","RAAOX0000000138","504777922",50.0,"KG","E012209CHG00000157","2022-09-07 13:17:25",NULL,NULL,NULL,NULL,NULL
"Adplast MB AOX AO05LLDPE-S4","RAAOX0000000138","504777922",75.0,"KG","E012209CHG00000097","2022-09-05 07:44:53",NULL,NULL,NULL,NULL,NULL
"PP 621P ","RPP620900000035","949A386362",175.0,"KG","E012209CHG00000096","2022-09-05 07:40:22",NULL,NULL,NULL,NULL,NULL
"Adplast MB AOX AO05LLDPE-S4","RAAOX0000000138","504777922",75.0,"KG","E012209CHG00000044","2022-09-02 22:33:31",NULL,NULL,NULL,NULL,NULL
"PP 621P ","RPP620900000035","949A386362",175.0,"KG","E012209CHG00000042","2022-09-02 22:32:58",NULL,NULL,NULL,NULL,NULL
"Adplast MB AOX AO05LLDPE-S4","RAAOX0000000138","504777922",75.0,"KG","E012208CHG00000764","2022-08-31 07:57:27",NULL,NULL,NULL,NULL,NULL
"PP 621P ","RPP620900000035","949A386362",175.0,"KG","E012208CHG00000725","2022-08-29 22:37:20",NULL,NULL,NULL,NULL,NULL
"Adplast MB AOX AO05LLDPE-S4","RAAOX0000000138","504777922",75.0,"KG","E012208CHG00000702","2022-08-28 22:37:37",NULL,NULL,NULL,NULL,NULL
"PP 621P ","RPP620900000035","949A386362",175.0,"KG","E012208CHG00000686","2022-08-28 12:52:44",NULL,NULL,NULL,NULL,NULL
"Adplast MB AOX AO05LLDPE-S4","RAAOX0000000138","504777922",75.0,"KG","E012208CHG00000646","2022-08-26 17:14:46",NULL,NULL,NULL,NULL,NULL
"PP 621P ","RPP620900000035","949A386362",175.0,"KG","E012208CHG00000645","2022-08-26 17:07:41",NULL,NULL,NULL,NULL,NULL
"PP 621P ","RPP620900000035","949A386362",175.0,"KG","E012208CHG00000629","2022-08-25 22:03:21",NULL,NULL,NULL,NULL,NULL
"PP 621P ","RPP620900000035","949A386362",175.0,"KG","E012208CHG00000603","2022-08-24 21:45:28",NULL,NULL,NULL,NULL,NULL
"Adplast MB AOX AO05LLDPE-S4","RAAOX0000000138","504777922",75.0,"KG","E012208CHG00000592","2022-08-24 18:06:48",NULL,NULL,NULL,NULL,NULL
"Process Aid ADT AP L068","RAPRA0000000078","A221166",50.0,"KG","E012208CHG00000518","2022-08-21 08:22:26",NULL,NULL,NULL,NULL,NULL
